area_id,lon,lat,min_tt_6,gateways_60_6,hsr_runs_present,hsr_p50,hsr_run_sd,hsr_run_range,min_tt_7,gateways_60_7,stable_6,stable_7,hsr_is_nearest,time_reduction
111,114.123883156276,22.2794142894765,86.0,0.0,5.0,44.0,0.44721359549995865,1.0,44.0,1.0,True,True,True,42.0
112,114.139176853324,22.2874332979427,76.0,0.0,5.0,30.0,0.44721359549995815,1.0,30.0,1.0,True,True,True,46.0
113,114.147787148396,22.2861416594107,72.0,0.0,5.0,29.0,0.0,0.0,29.0,1.0,True,True,True,43.0
114,114.152702909309,22.2847085178581,70.0,0.0,5.0,28.0,0.0,0.0,28.0,1.0,True,True,True,42.0
115,114.145940527009,22.2890940728365,70.0,0.0,5.0,29.0,0.44721359549995815,1.0,29.0,1.0,True,True,True,41.0
116,114.133360310746,22.2857428992026,77.0,0.0,5.0,33.0,0.44721359549995765,1.0,33.0,1.0,True,True,True,44.0
121,114.156567646223,22.2855853909368,71.0,0.0,5.0,21.0,0.0,0.0,21.0,1.0,True,True,True,50.0
122,114.153901285683,22.281612102494,70.0,0.0,5.0,28.0,0.44721359549995787,1.0,28.0,1.0,True,True,True,42.0
123,114.159817250701,22.2818051392898,63.0,0.0,5.0,22.0,0.0,0.0,22.0,1.0,True,True,True,41.0
124,114.164800586663,22.279452162141,60.0,1.0,5.0,19.0,0.0,0.0,19.0,2.0,True,True,True,41.0
131,114.171515968747,22.2765733694504,66.0,0.0,5.0,26.0,0.5477225575051664,1.0,26.0,1.0,True,True,True,40.0
132,114.178410854651,22.2769221331515,67.0,0.0,5.0,30.0,0.547722557505166,1.0,30.0,1.0,True,True,True,37.0
133,114.17891339103,22.2796190889951,67.0,0.0,5.0,31.0,0.547722557505166,1.0,31.0,1.0,True,True,True,36.0
134,114.172149053341,22.2814833751573,59.0,1.0,5.0,28.0,0.0,0.0,28.0,2.0,True,True,True,31.0
135,114.177600452578,22.2816495628227,63.0,0.0,5.0,32.0,0.0,0.0,32.0,1.0,True,True,True,31.0
140,114.173640759363,22.271384631761,81.0,0.0,5.0,41.0,0.5477225575051667,1.0,41.0,1.0,True,True,True,40.0
141,114.136973948225,22.2796753214113,88.0,0.0,5.0,44.0,0.0,0.0,44.0,1.0,True,True,True,44.0
142,114.15114188346,22.2791555374114,72.0,0.0,5.0,30.0,0.547722557505166,1.0,30.0,1.0,True,True,True,42.0
143,114.160056458001,22.2743355981489,75.0,0.0,5.0,32.0,0.0,0.0,32.0,1.0,True,True,True,43.0
144,114.184584946726,22.2704914488167,76.0,0.0,5.0,41.0,0.44721359549995715,1.0,41.0,1.0,True,True,True,35.0
145,114.190922972405,22.2751550300822,82.0,0.0,5.0,44.0,0.0,0.0,44.0,1.0,True,True,True,38.0
146,114.185927726833,22.2794620804338,69.0,0.0,5.0,27.0,0.0,0.0,27.0,1.0,True,True,True,42.0
147,114.18789939269,22.2830054808303,73.0,0.0,5.0,33.0,0.0,0.0,33.0,1.0,True,True,True,40.0
148,114.196575776606,22.2768944641181,78.0,0.0,5.0,42.0,0.44721359549995865,1.0,42.0,1.0,True,True,True,36.0
149,114.195267398609,22.2707610620182,79.0,0.0,5.0,42.0,0.5477225575051664,1.0,42.0,1.0,True,True,True,37.0
151,114.192416649805,22.2870915320456,73.0,0.0,5.0,35.0,0.44721359549995815,1.0,35.0,1.0,True,True,True,38.0
152,114.198486225984,22.2844731241969,82.0,0.0,5.0,45.0,0.547722557505166,1.0,45.0,1.0,True,True,True,37.0
153,114.2001082891,22.2906624590611,76.0,0.0,5.0,31.0,0.547722557505166,1.0,31.0,1.0,True,True,True,45.0
154,114.207347337395,22.2886782702549,85.0,0.0,5.0,42.0,0.44721359549995865,1.0,42.0,1.0,True,True,True,43.0
155,114.211152709881,22.2872252441683,75.0,0.0,5.0,35.0,0.0,0.0,35.0,1.0,True,True,True,40.0
156,114.213975813261,22.2781779199576,94.0,0.0,5.0,54.0,0.8366600265340751,2.0,54.0,1.0,True,True,True,40.0
157,114.218804775421,22.286934216918,76.0,0.0,5.0,36.0,0.7071067811865478,2.0,36.0,1.0,True,True,True,40.0
158,114.212156918739,22.2682589137114,,,,,,,,0.0,False,False,False,
161,114.230180667405,22.2799620447255,81.0,0.0,5.0,41.0,0.0,0.0,41.0,1.0,True,True,True,40.0
162,114.23757761802,22.27393225653,100.0,0.0,5.0,59.0,0.44721359549995765,1.0,59.0,1.0,True,True,True,41.0
163,114.240468518226,22.2675958198379,93.0,0.0,5.0,52.0,0.547722557505166,1.0,52.0,1.0,True,True,True,41.0
164,114.229434649181,22.2688268187652,100.0,0.0,5.0,59.0,0.5477225575051652,1.0,59.0,1.0,True,True,True,41.0
165,114.235305370276,22.2610279792816,90.0,0.0,5.0,49.0,0.44721359549995715,1.0,49.0,1.0,True,True,True,41.0
166,114.222139344457,22.2777511462385,89.0,0.0,5.0,52.0,0.547722557505166,1.0,52.0,1.0,True,True,True,37.0
167,114.249568019449,22.2581279595722,,,0.0,,,,,0.0,False,False,False,
171,114.130915342874,22.2658290960441,89.0,0.0,5.0,46.0,0.547722557505166,1.0,46.0,1.0,True,True,True,43.0
172,114.140054322076,22.2566764478188,84.0,0.0,5.0,42.0,0.44721359549995765,1.0,42.0,1.0,True,True,True,42.0
173,114.154722021842,22.2518886493947,98.0,0.0,5.0,63.0,0.0,0.0,63.0,0.0,True,True,True,35.0
174,114.154711422157,22.2402187870491,81.0,0.0,5.0,44.0,0.0,0.0,44.0,1.0,True,True,True,37.0
175,114.169018077049,22.2505478633884,79.0,0.0,5.0,40.0,0.0,0.0,40.0,1.0,True,True,True,39.0
176,114.171860375487,22.2392602598493,,,,,,,,0.0,False,False,False,
181,114.143921859532,22.273471719629,102.0,0.0,5.0,65.0,0.44721359549995715,1.0,65.0,0.0,True,True,True,37.0
182,114.154372799933,22.2641102126192,103.0,0.0,5.0,61.0,0.8944271909999163,2.0,61.0,0.0,True,True,True,42.0
183,114.175817818997,22.2595744245821,,,,,,,,0.0,False,False,False,
184,114.17784255183,22.2651345102503,99.0,0.0,5.0,62.0,0.7071067811865476,2.0,62.0,0.0,True,True,True,37.0
190,114.19800215164,22.2665554434807,95.0,0.0,5.0,54.0,0.44721359549995765,1.0,54.0,1.0,True,True,True,41.0
191,114.185734310895,22.2476535351284,85.0,0.0,5.0,51.0,0.5477225575051652,1.0,51.0,1.0,True,True,True,34.0
192,114.197245839559,22.2375027450098,85.0,0.0,5.0,51.0,0.547722557505166,1.0,51.0,1.0,True,True,True,34.0
193,114.198861671966,22.2151670052828,102.0,0.0,5.0,67.0,0.0,0.0,67.0,0.0,True,True,True,35.0
194,114.210138996221,22.2439750933637,,,,,,,,0.0,False,False,False,
195,114.217128349735,22.215347118882,96.0,0.0,5.0,61.0,0.0,0.0,61.0,0.0,True,True,True,35.0
196,114.239502961351,22.2320021347761,,,5.0,81.0,0.8944271909999153,2.0,81.0,0.0,False,True,True,
197,114.247245222167,22.2332906577336,,,5.0,80.0,0.7071067811865476,2.0,80.0,0.0,False,True,True,
198,114.217118421069,22.1998333968201,,,5.0,85.0,0.8366600265340772,2.0,85.0,0.0,False,True,True,
211,114.169539827796,22.2996672661784,68.0,0.0,5.0,13.0,0.0,0.0,13.0,1.0,True,True,True,55.0
212,114.174524377325,22.3028057171379,65.0,0.0,5.0,15.0,0.0,0.0,15.0,1.0,True,True,True,50.0
213,114.186416794927,22.3031586203312,65.0,0.0,5.0,22.0,0.5477225575051664,1.0,22.0,1.0,True,True,True,43.0
214,114.173935482975,22.296702540858,60.0,1.0,5.0,14.0,0.0,0.0,14.0,2.0,True,True,True,46.0
215,114.179512338234,22.301352523342,59.0,1.0,5.0,18.0,0.44721359549995815,1.0,18.0,2.0,True,True,True,41.0
216,114.172619937707,22.2940475733047,66.0,0.0,5.0,14.0,0.0,0.0,14.0,1.0,True,True,True,52.0
217,114.184514979707,22.3013691581014,59.0,1.0,5.0,23.0,0.44721359549995815,1.0,23.0,2.0,True,True,True,36.0
220,114.171515939439,22.3146190721483,59.0,1.0,5.0,11.0,0.0,0.0,11.0,2.0,True,True,True,48.0
221,114.164313457129,22.322391689552,60.0,1.0,5.0,19.0,0.44721359549995765,1.0,19.0,2.0,True,True,True,41.0
222,114.170991211405,22.3235291560336,58.0,1.0,5.0,17.0,0.547722557505166,1.0,17.0,2.0,True,True,True,41.0
225,114.169132402039,22.3088273322026,65.0,0.0,5.0,11.0,0.0,0.0,11.0,1.0,True,True,True,54.0
226,114.175144029955,22.3100092150216,68.0,0.0,5.0,17.0,0.0,0.0,17.0,1.0,True,True,True,51.0
227,114.171782795569,22.3177091806686,60.0,1.0,5.0,15.0,0.0,0.0,15.0,2.0,True,True,True,45.0
228,114.168700527315,22.3138803973036,61.0,0.0,5.0,11.0,0.0,0.0,11.0,1.0,True,True,True,50.0
229,114.168103323904,22.3170402920214,59.0,1.0,5.0,13.0,0.0,0.0,13.0,2.0,True,True,True,46.0
231,114.178690350013,22.3263807863689,60.0,1.0,5.0,20.0,0.0,0.0,20.0,2.0,True,True,True,40.0
232,114.175607609535,22.322910134849,64.0,0.0,5.0,22.0,0.44721359549995765,1.0,22.0,1.0,True,True,True,42.0
233,114.181443452615,22.3246412830966,66.0,0.0,5.0,23.0,0.44721359549995787,1.0,23.0,1.0,True,True,True,43.0
234,114.180661809779,22.3204962723756,59.0,1.0,5.0,23.0,0.0,0.0,23.0,2.0,True,True,True,36.0
235,114.175852222888,22.3171339350946,67.0,0.0,5.0,20.0,0.0,0.0,20.0,1.0,True,True,True,47.0
236,114.180235511347,22.3124235216041,66.0,0.0,5.0,24.0,0.0,0.0,24.0,1.0,True,True,True,42.0
237,114.183157651063,22.3160170782153,62.0,0.0,5.0,26.0,0.0,0.0,26.0,1.0,True,True,True,36.0
241,114.187404382997,22.3185742441843,51.0,2.0,5.0,18.0,0.44721359549995765,1.0,18.0,3.0,True,True,True,33.0
242,114.190890170835,22.3190703775437,58.0,1.0,5.0,24.0,0.0,0.0,24.0,2.0,True,True,True,34.0
243,114.186472673494,22.3090662513405,61.0,0.0,5.0,19.0,0.44721359549995815,1.0,19.0,1.0,True,True,True,42.0
244,114.19018487593,22.3108350200547,60.0,1.0,5.0,21.0,0.547722557505166,1.0,21.0,2.0,True,True,True,39.0
245,114.189407816394,22.304928290024,62.0,0.0,5.0,21.0,0.5477225575051664,1.0,21.0,1.0,True,True,True,41.0
246,114.187099514432,22.3243808467592,60.0,1.0,5.0,23.0,0.44721359549995815,1.0,23.0,2.0,True,True,True,37.0
247,114.193336354043,22.3181276143584,60.0,1.0,5.0,25.0,0.0,0.0,25.0,2.0,True,True,True,35.0
251,114.16235018002,22.3044678481885,68.0,0.0,5.0,13.0,0.0,0.0,13.0,1.0,True,True,True,55.0
252,114.163767041862,22.3095214226775,72.0,0.0,5.0,12.0,0.0,0.0,12.0,1.0,True,True,True,60.0
253,114.163149297487,22.3152646493592,62.0,0.0,5.0,18.0,0.5477225575051664,1.0,18.0,1.0,True,True,True,44.0
254,114.157017057193,22.3206299669528,67.0,0.0,5.0,23.0,0.44721359549995765,1.0,23.0,1.0,True,True,True,44.0
255,114.151381227322,22.3300385580539,66.0,0.0,5.0,22.0,0.44721359549995815,1.0,22.0,1.0,True,True,True,44.0
256,114.15998726192,22.3013091963553,70.0,0.0,5.0,17.0,0.5477225575051664,1.0,17.0,1.0,True,True,True,53.0
260,114.139585004306,22.336582150316,61.0,0.0,5.0,22.0,0.5477225575051664,1.0,22.0,1.0,True,True,True,39.0
261,114.151123744312,22.3419502025781,75.0,0.0,5.0,34.0,0.0,0.0,34.0,1.0,True,True,True,41.0
262,114.159749183069,22.3410304871968,72.0,0.0,5.0,30.0,0.547722557505166,1.0,30.0,1.0,True,True,True,42.0
263,114.166308725222,22.34026870006,66.0,0.0,5.0,34.0,0.0,0.0,34.0,1.0,True,True,True,32.0
264,114.154380603738,22.3358767348364,65.0,0.0,5.0,20.0,0.44721359549995765,1.0,20.0,1.0,True,True,True,45.0
265,114.158015838104,22.3318483157708,63.0,0.0,5.0,18.0,0.0,0.0,18.0,1.0,True,True,True,45.0
266,114.160879511723,22.3289018654136,62.0,0.0,5.0,18.0,0.44721359549995765,1.0,18.0,1.0,True,True,True,44.0
267,114.165162716124,22.328350917857,59.0,1.0,5.0,13.0,0.0,0.0,13.0,2.0,True,True,True,46.0
268,114.171992517796,22.3343387866489,56.0,1.0,5.0,27.0,0.5477225575051664,1.0,27.0,2.0,True,True,True,29.0
269,114.141058836356,22.3229883471022,88.0,0.0,5.0,37.0,0.5477225575051667,1.0,37.0,1.0,True,True,True,51.0
271,114.178637102477,22.3374724585597,50.0,2.0,5.0,24.0,0.0,0.0,24.0,3.0,True,True,True,26.0
272,114.182624788439,22.3370286279149,56.0,1.0,5.0,30.0,0.44721359549995787,1.0,30.0,2.0,True,True,True,26.0
280,114.20953697054,22.3243580127677,67.0,0.0,5.0,32.0,0.0,0.0,32.0,1.0,True,True,True,35.0
281,114.199393067552,22.3461701978265,62.0,0.0,5.0,35.0,0.44721359549995765,1.0,35.0,1.0,True,True,True,27.0
282,114.186026458825,22.3440042374272,58.0,1.0,5.0,31.0,0.0,0.0,31.0,2.0,True,True,True,27.0
283,114.192137205184,22.3363962251725,62.0,0.0,5.0,32.0,0.5477225575051664,1.0,32.0,1.0,True,True,True,30.0
284,114.197783325531,22.3360709547386,58.0,1.0,5.0,31.0,0.0,0.0,31.0,2.0,True,True,True,27.0
285,114.189473228515,22.3300491055114,62.0,0.0,5.0,28.0,0.5477225575051664,1.0,28.0,1.0,True,True,True,34.0
286,114.203735988365,22.3211078941256,74.0,0.0,5.0,27.0,0.44721359549995815,1.0,27.0,1.0,True,True,True,47.0
287,114.206156064005,22.3353869411362,60.0,1.0,5.0,29.0,0.5477225575051664,1.0,29.0,2.0,True,True,True,31.0
288,114.212216756957,22.344372613737,74.0,0.0,5.0,49.0,0.547722557505166,1.0,49.0,1.0,True,True,True,25.0
289,114.219549334906,22.3458187626803,,,,,,,,0.0,False,False,False,
290,114.230996785551,22.3037299945153,80.0,0.0,5.0,41.0,0.547722557505166,1.0,41.0,1.0,True,True,True,39.0
291,114.215665383604,22.3285673601191,66.0,0.0,5.0,35.0,0.44721359549995865,1.0,35.0,1.0,True,True,True,31.0
292,114.225610098395,22.3280859830456,74.0,0.0,5.0,39.0,0.5477225575051664,1.0,39.0,1.0,True,True,True,35.0
293,114.234385510876,22.319289292336,75.0,0.0,5.0,38.0,0.44721359549995865,1.0,38.0,1.0,True,True,True,37.0
294,114.225455211049,22.3167987297716,71.0,0.0,5.0,38.0,0.547722557505166,1.0,38.0,1.0,True,True,True,33.0
295,114.221746379273,22.311525119668,67.0,0.0,5.0,36.0,0.44721359549995815,1.0,36.0,1.0,True,True,True,31.0
296,114.236405271049,22.3252658862059,79.0,0.0,5.0,46.0,0.44721359549995765,1.0,46.0,1.0,True,True,True,33.0
297,114.238427283545,22.3088731538252,75.0,0.0,5.0,39.0,0.5477225575051667,1.0,39.0,1.0,True,True,True,36.0
298,114.239514742952,22.2948116454997,71.0,0.0,5.0,39.0,0.44721359549995715,1.0,39.0,1.0,True,True,True,32.0
310,114.13164135283,22.3986785360548,,,,,,,,0.0,False,False,False,
320,114.130919831072,22.337927623323,69.0,0.0,5.0,29.0,0.44721359549995815,1.0,29.0,1.0,True,True,True,40.0
321,114.127158446842,22.381794382176,73.0,0.0,5.0,50.0,0.0,0.0,50.0,1.0,True,True,True,23.0
322,114.114192703911,22.381095726469,76.0,0.0,5.0,50.0,0.0,0.0,50.0,1.0,True,True,True,26.0
323,114.103561985004,22.376282865987,72.0,0.0,5.0,43.0,0.0,0.0,43.0,1.0,True,True,True,29.0
324,114.114825747895,22.3695101941041,64.0,0.0,5.0,33.0,0.0,0.0,33.0,1.0,True,True,True,31.0
325,114.130223997896,22.3749689319611,75.0,0.0,5.0,47.0,0.5477225575051652,1.0,47.0,1.0,True,True,True,28.0
326,114.126321700188,22.3629219924672,66.0,0.0,5.0,39.0,0.5477225575051664,1.0,39.0,1.0,True,True,True,27.0
327,114.139993940323,22.3613277286353,71.0,0.0,5.0,53.0,0.547722557505166,1.0,53.0,1.0,True,True,True,18.0
328,114.132297574353,22.3501069798303,74.0,0.0,5.0,39.0,0.547722557505166,1.0,39.0,1.0,True,True,True,35.0
329,114.116616234885,22.3590276084559,71.0,0.0,5.0,44.0,0.547722557505166,1.0,44.0,1.0,True,True,True,27.0
331,114.096310524045,22.3894816477004,,,,,,,,0.0,False,False,False,
332,114.080036063312,22.3785322358663,,,,,,,,0.0,False,False,False,
333,114.078547401159,22.3925533208566,,,,,,,,0.0,False,False,False,
334,114.078953761487,22.3692899444228,85.0,0.0,5.0,61.0,0.44721359549995765,1.0,61.0,0.0,True,True,True,24.0
335,114.06292915763,22.3698454643885,79.0,0.0,5.0,59.0,0.547722557505166,1.0,59.0,1.0,True,True,True,20.0
336,114.042380120715,22.3623553343624,66.0,0.0,5.0,58.0,0.44721359549995865,1.0,58.0,1.0,True,True,True,8.0
340,114.051389449972,22.3762752957149,,,,,,,,0.0,False,False,False,
350,114.104347705864,22.3402869388419,82.0,0.0,5.0,54.0,0.44721359549995815,1.0,54.0,1.0,True,True,True,28.0
351,114.091910603333,22.352755712166,88.0,0.0,5.0,56.0,0.0,0.0,56.0,1.0,True,True,True,32.0
411,114.020766220737,22.395751462092,,,,,,,,0.0,False,False,False,
412,114.055382290722,22.405790222645,,,,,,,,0.0,False,False,False,
413,114.03238066462,22.3857237133952,,,,,,,,0.0,False,False,False,
414,114.001604688511,22.4022641141328,,,,,,,,0.0,False,False,False,
415,113.990617565467,22.394463911488,,,,,,,,0.0,False,False,False,
416,114.016680415937,22.4041645235187,,,,,,,,0.0,False,False,False,
421,113.931416558609,22.371532377113,66.0,0.0,5.0,90.0,0.8944271909999163,2.0,66.0,0.0,True,True,False,0.0
422,113.956418583078,22.3781242329263,,,,,,,,0.0,False,False,False,
423,113.967263090038,22.401731980785,40.0,4.0,5.0,60.0,0.44721359549995865,1.0,40.0,5.0,True,True,False,0.0
424,113.974556398141,22.388212494773,35.0,3.0,5.0,59.0,0.0,0.0,35.0,4.0,True,True,False,0.0
425,113.982562098875,22.3986722013916,,,,,,,,0.0,False,False,False,
426,113.997352268387,22.3705413951425,51.0,1.0,5.0,63.0,0.0,0.0,51.0,1.0,True,True,False,0.0
427,114.014167297546,22.3705097440274,63.0,0.0,5.0,69.0,0.0,0.0,63.0,0.0,True,True,False,0.0
428,113.955675455005,22.4037675240848,55.0,1.0,5.0,77.0,0.0,0.0,55.0,1.0,True,True,False,0.0
431,113.933575790114,22.4162736486988,,,,,,,,0.0,False,False,False,
432,113.932267902894,22.396512364586,,,,,,,,0.0,False,False,False,
433,113.959540757227,22.4243706429484,,,,,,,,0.0,False,False,False,
434,113.887010828039,22.3523189564629,,,,,,,,0.0,False,False,False,
441,113.994057425594,22.4191282664562,,,,,,,,0.0,False,False,False,
442,113.977403782368,22.4231675449405,63.0,0.0,5.0,83.0,0.5477225575051667,1.0,63.0,0.0,True,True,False,0.0
510,114.002723020868,22.4620175135088,39.0,2.0,5.0,50.0,0.0,0.0,39.0,3.0,True,True,False,0.0
511,113.988224263584,22.453163672757,47.0,1.0,5.0,78.0,0.44721359549995715,1.0,47.0,1.0,True,True,False,0.0
512,113.988636980177,22.435850549427,51.0,1.0,5.0,71.0,0.5477225575051667,1.0,51.0,1.0,True,True,False,0.0
513,113.966445089438,22.4422037471051,,,,,,,,0.0,False,False,False,
514,113.998275363308,22.4766846541525,60.0,1.0,5.0,77.0,0.0,0.0,60.0,1.0,True,True,False,0.0
515,113.999799591425,22.4407905551657,45.0,1.0,5.0,64.0,0.0,0.0,45.0,1.0,True,True,False,0.0
516,114.020108383035,22.4707270832577,,,,,,,,0.0,False,False,False,
517,114.013662221195,22.4519209457478,57.0,1.0,5.0,68.0,0.0,0.0,57.0,1.0,True,True,False,0.0
518,114.018631288178,22.4326417402131,61.0,0.0,5.0,62.0,0.547722557505166,1.0,61.0,0.0,True,True,False,0.0
519,114.007232342979,22.4303537077629,59.0,1.0,5.0,61.0,0.44721359549995765,1.0,59.0,1.0,True,True,False,0.0
521,114.065666270344,22.4438163070924,62.0,0.0,5.0,57.0,0.547722557505166,1.0,57.0,1.0,True,True,True,5.0
522,114.035229235305,22.4168568351222,82.0,0.0,5.0,84.0,0.5477225575051667,1.0,82.0,0.0,True,True,False,0.0
523,114.039824791271,22.4351474417947,79.0,0.0,5.0,76.0,1.3038404810405302,3.0,76.0,0.0,True,True,True,3.0
524,114.033312602082,22.4465206926769,43.0,5.0,5.0,42.0,0.0,0.0,42.0,6.0,True,True,True,1.0
525,114.043144424279,22.4519789009026,57.0,1.0,5.0,63.0,0.0,0.0,57.0,1.0,True,True,False,0.0
526,114.060474908067,22.4473257908169,62.0,0.0,5.0,60.0,0.7071067811865476,2.0,60.0,1.0,True,True,True,2.0
527,114.021571257455,22.4428441246415,47.0,3.0,5.0,50.0,0.0,0.0,47.0,4.0,True,True,False,0.0
528,114.026640340793,22.4596243407065,67.0,0.0,5.0,64.0,0.7071067811865478,2.0,64.0,0.0,True,True,True,3.0
529,114.031269952568,22.4375563471176,54.0,2.0,5.0,55.0,0.547722557505166,1.0,54.0,3.0,True,True,False,0.0
531,114.076579113197,22.41611214903,79.0,0.0,5.0,73.0,0.44721359549995715,1.0,73.0,0.0,True,True,True,6.0
532,114.092339958441,22.4509502106211,62.0,0.0,5.0,76.0,0.7071067811865469,2.0,62.0,0.0,True,True,False,0.0
533,114.105007310032,22.4224340991147,80.0,0.0,5.0,72.0,0.0,0.0,72.0,0.0,True,True,True,8.0
541,114.042461711552,22.4700892339104,55.0,1.0,5.0,73.0,0.44721359549995715,1.0,55.0,1.0,True,True,False,0.0
542,114.059487360616,22.4996467323703,,,,,,,,0.0,False,False,False,
543,114.077228904408,22.4886007709797,43.0,1.0,5.0,79.0,0.5477225575051643,1.0,43.0,1.0,True,True,False,0.0
544,114.068796957898,22.4714355470367,61.0,0.0,5.0,78.0,0.44721359549995715,1.0,61.0,0.0,True,True,False,0.0
545,114.098137910864,22.5078933488217,41.0,4.0,5.0,98.0,0.44721359549995715,1.0,41.0,4.0,True,True,False,0.0
546,114.09455339065,22.497405309953,51.0,4.0,5.0,106.0,0.5477225575051667,1.0,51.0,4.0,True,True,False,0.0
547,114.102081584245,22.4835277950175,36.0,5.0,5.0,92.0,0.8366600265340772,2.0,36.0,5.0,True,True,False,0.0
548,114.105371176049,22.5119587947211,41.0,4.0,5.0,98.0,0.0,0.0,41.0,4.0,True,True,False,0.0
549,114.095149932102,22.5129457376641,42.0,4.0,5.0,99.0,1.140175425099136,3.0,42.0,4.0,True,True,False,0.0
610,114.110840737992,22.4608213177065,,,,,,,,0.0,False,False,False,
620,114.079165499523,22.5214426352059,,,,,,,,0.0,False,False,False,
621,114.117975191559,22.490262619684,33.0,5.0,5.0,86.0,0.44721359549995715,1.0,33.0,5.0,True,True,False,0.0
622,114.09763623758,22.5268113584704,52.0,3.0,5.0,111.0,1.3038404810405295,3.0,52.0,3.0,True,True,False,0.0
623,114.11271367799,22.5089425129323,41.0,4.0,5.0,97.0,0.5477225575051643,1.0,41.0,4.0,True,True,False,0.0
624,114.127789849023,22.5093004550954,21.0,5.0,5.0,75.0,0.0,0.0,21.0,5.0,True,True,False,0.0
625,114.141633276116,22.4980902290049,24.0,5.0,5.0,72.0,0.5477225575051667,1.0,24.0,5.0,True,True,False,0.0
626,114.121293904847,22.5044919026358,22.0,5.0,5.0,71.0,0.547722557505166,1.0,22.0,5.0,True,True,False,0.0
627,114.12611479907,22.496260625459,20.0,5.0,5.0,69.0,0.5477225575051667,1.0,20.0,5.0,True,True,False,0.0
628,114.139703183279,22.487419203607,21.0,5.0,5.0,64.0,0.5477225575051667,1.0,21.0,5.0,True,True,False,0.0
629,114.130673077524,22.5154453161722,36.0,4.0,5.0,98.0,1.0,2.0,36.0,4.0,True,True,False,0.0
631,114.150003860779,22.4748461720104,41.0,4.0,5.0,83.0,0.44721359549995715,1.0,41.0,4.0,True,True,False,0.0
632,114.123785485356,22.4766102220468,,,,,,,,0.0,False,False,False,
633,114.187025045027,22.4855434084622,,,,,,,,0.0,False,False,False,
634,114.166857981724,22.5037948532262,44.0,4.0,5.0,101.0,0.44721359549995915,1.0,44.0,4.0,True,True,False,0.0
641,114.137165631868,22.5283456520053,,,,,,,,0.0,False,False,False,
642,114.163567062504,22.542795528706,,,,,,,,0.0,False,False,False,
651,114.184666609937,22.5430772078679,,,,,,,,0.0,False,False,False,
652,114.204398719484,22.5225717645431,,,,,,,,0.0,False,False,False,
653,114.273586639267,22.5198878948394,,,,,,,,0.0,False,False,False,
711,114.265747183148,22.4846411569778,,,,,,,,0.0,False,False,False,
712,114.229472171852,22.4958805591111,,,,,,,,0.0,False,False,False,
720,114.150906402002,22.4478776435033,,,0.0,,,,,0.0,False,False,False,
721,114.214004200554,22.4810326549126,,,,,,,,0.0,False,False,False,
722,114.17830581405,22.465703120602,45.0,3.0,5.0,79.0,0.44721359549995915,1.0,45.0,3.0,True,True,False,0.0
723,114.166089863833,22.445835672764,33.0,4.0,5.0,58.0,0.0,0.0,33.0,5.0,True,True,False,0.0
724,114.143477777939,22.4352168502326,,,,,,,,0.0,False,False,False,
725,114.162978439673,22.4304964647116,36.0,4.0,5.0,69.0,0.44721359549995815,1.0,36.0,4.0,True,True,False,0.0
726,114.168967599217,22.4528778019438,29.0,4.0,5.0,61.0,0.44721359549995715,1.0,29.0,4.0,True,True,False,0.0
727,114.187787008434,22.456153377376,46.0,3.0,5.0,81.0,0.0,0.0,46.0,3.0,True,True,False,0.0
728,114.206581833929,22.4636747738817,43.0,4.0,5.0,78.0,0.44721359549995715,1.0,43.0,4.0,True,True,False,0.0
729,114.192567055814,22.4330521034942,44.0,4.0,5.0,65.0,0.5477225575051667,1.0,44.0,4.0,True,True,False,0.0
731,114.158939076865,22.3970362393462,,,,,,,,0.0,False,False,False,
732,114.179239294162,22.407285733747,,,,,,,,0.0,False,False,False,
733,114.161049359274,22.379969936023,,,,,,,,0.0,False,False,False,
741,114.286252698347,22.4309663216377,,,,,,,,0.0,False,False,False,
742,114.338259974893,22.4427622675875,,,,,,,,0.0,False,False,False,
743,114.431446013773,22.5440114459345,,,,,,,,0.0,False,False,False,
744,114.257963917029,22.4026359261682,,,,,,,,0.0,False,False,False,
751,114.192959991085,22.4244406684761,57.0,1.0,5.0,77.0,0.0,0.0,57.0,1.0,True,True,False,0.0
753,114.200300996023,22.4063787454118,60.0,1.0,5.0,65.0,0.5477225575051652,1.0,60.0,1.0,True,True,False,0.0
754,114.170534286284,22.3764450486204,50.0,2.0,5.0,44.0,0.8366600265340751,2.0,44.0,3.0,True,True,True,6.0
755,114.196163354627,22.3777000230396,45.0,3.0,5.0,41.0,0.44721359549995865,1.0,41.0,4.0,True,True,True,4.0
756,114.212842923518,22.3882981554477,57.0,1.0,5.0,56.0,0.44721359549995715,1.0,56.0,2.0,True,True,True,1.0
757,114.237716463828,22.4169953575417,71.0,0.0,5.0,68.0,0.5477225575051667,1.0,68.0,0.0,True,True,True,3.0
758,114.189999019119,22.3865122041731,47.0,3.0,5.0,44.0,0.44721359549995815,1.0,44.0,4.0,True,True,True,3.0
759,114.17795029431,22.3659256876509,52.0,2.0,5.0,44.0,0.0,0.0,44.0,3.0,True,True,True,8.0
761,114.189857613788,22.3627617381916,,,,,,,,0.0,False,False,False,
762,114.240716710085,22.3979337952067,,,,,,,,0.0,False,False,False,
811,114.302621915574,22.3997490723761,,,5.0,112.0,1.923538406167134,5.0,112.0,0.0,False,True,True,
812,114.345029025115,22.3907354514189,,,,,,,,0.0,False,False,False,
813,114.35780942416,22.3558801066076,,,,,,,,0.0,False,False,False,
814,114.365169339492,22.3139469393471,,,,,,,,0.0,False,False,False,
815,114.375010800242,22.4150484985718,,,,,,,,0.0,False,False,False,
820,114.245516976125,22.3554010361073,103.0,0.0,5.0,66.0,0.5477225575051643,1.0,66.0,0.0,True,True,True,37.0
821,114.272115911325,22.3633542390611,,,,,,,,0.0,False,False,False,
822,114.27508350147,22.3947905467767,80.0,0.0,5.0,82.0,0.5477225575051643,1.0,80.0,0.0,True,True,False,0.0
823,114.258734361053,22.3514387820597,,,,,,,,0.0,False,False,False,
824,114.238248157355,22.3633650931119,,,,,,,,0.0,False,False,False,
825,114.26316677952,22.3814812676415,97.0,0.0,5.0,70.0,0.8366600265340762,2.0,70.0,0.0,True,True,True,27.0
826,114.271019072549,22.3805009289407,82.0,0.0,5.0,58.0,0.44721359549995715,1.0,58.0,1.0,True,True,True,24.0
827,114.269926448527,22.3760478342415,97.0,0.0,5.0,71.0,0.7071067811865469,2.0,71.0,0.0,True,True,True,26.0
828,114.27405889113,22.385441735033,79.0,0.0,5.0,61.0,0.7071067811865476,2.0,61.0,0.0,True,True,True,18.0
829,114.255020001507,22.3734500623687,,,,,,,,0.0,False,False,False,
831,114.261884670346,22.3288341784267,87.0,0.0,5.0,55.0,0.0,0.0,55.0,1.0,True,True,True,32.0
832,114.286278660479,22.2855026565229,100.0,0.0,5.0,67.0,0.5477225575051667,1.0,67.0,0.0,True,True,True,33.0
833,114.249282769357,22.298207065894,,,,,,,,0.0,False,False,False,
834,114.289540738822,22.2481716275213,,,,,,,,0.0,False,False,False,
835,114.249143155192,22.3131610443123,100.0,0.0,5.0,66.0,0.5477225575051667,1.0,66.0,0.0,True,True,True,34.0
836,114.254406317374,22.3273865198951,79.0,0.0,5.0,45.0,0.547722557505166,1.0,45.0,1.0,True,True,True,34.0
837,114.26647585719,22.3186761562915,84.0,0.0,5.0,53.0,0.5477225575051664,1.0,53.0,1.0,True,True,True,31.0
838,114.260696443758,22.3078464914414,76.0,0.0,5.0,47.0,0.547722557505166,1.0,47.0,1.0,True,True,True,29.0
839,114.273513091172,22.2903912405823,91.0,0.0,5.0,54.0,0.44721359549995765,1.0,54.0,1.0,True,True,True,37.0
911,114.133490773842,22.1965556761945,,,,,,,,0.0,False,False,False,
912,114.116689493402,22.2234730461694,,,5.0,87.0,0.0,0.0,87.0,0.0,False,True,True,
913,114.262670743658,22.1740297986516,,,,,,,,0.0,False,False,False,
920,114.029036891964,22.2083624887599,,,5.0,100.0,0.0,0.0,100.0,0.0,False,True,True,
931,113.981708872588,22.2414214593604,,,,,,,,0.0,False,False,False,
932,113.92502007883,22.2302325567921,,,,,,,,0.0,False,False,False,
933,113.988539729508,22.1952395891749,,,,,,,,0.0,False,False,False,
934,113.911495720585,22.1827760097152,,,,,,,,0.0,False,False,False,
941,113.891974344162,22.230489916624,,,,,,,,0.0,False,False,False,
942,113.864374080747,22.2323100240958,,,,,,,,0.0,False,False,False,
943,113.898111521886,22.272201666341,,,,,,,,0.0,False,False,False,
944,113.863418838396,22.2526528437051,,,,,,,,0.0,False,False,False,
950,113.942049732785,22.2724620319852,,,,,,,,0.0,False,False,False,
951,113.925158611812,22.3083447430452,95.0,0.0,5.0,104.0,0.44721359549995815,1.0,95.0,0.0,True,True,False,0.0
961,113.979423496534,22.2859920401735,,,,,,,,0.0,False,False,False,
962,113.990469464635,22.269777687937,,,,,,,,0.0,False,False,False,
963,114.041677094138,22.2539357931943,,,,,,,,0.0,False,False,False,
971,114.011041285918,22.2959122569952,113.0,0.0,5.0,87.0,0.0,0.0,87.0,0.0,True,True,True,26.0
972,113.994881947621,22.3089562430198,111.0,0.0,5.0,97.0,0.44721359549995715,1.0,97.0,0.0,True,True,True,14.0
973,114.039898848957,22.3167801989796,,,5.0,107.0,7.293833011524188,18.0,107.0,0.0,False,True,True,
974,114.031415777518,22.3296750495611,,,,,,,,0.0,False,False,False,
975,114.060516002193,22.3490352368712,89.0,0.0,5.0,54.0,0.0,0.0,54.0,1.0,True,True,True,35.0
976,114.044259492855,22.285986871605,,,,,,,,0.0,False,False,False,
