area_id,lon,lat,min_tt,distance_LW_km,distance_LMC_km,distance_HG_km,distance_SB_km,distance_MKT_km,distance_HYW_km,nearest_straight_km,calibrated_distance_time,fixed_20kph_time,calibrated_residual
111,114.123883156276,22.2794142894765,86.0,27.67050075720905,26.759767362599,26.152218799543437,30.732811793879172,28.38132076694292,30.47119993239365,26.152218799543437,79.20046402012316,78.45665639863032,6.799535979876836
112,114.139176853324,22.2874332979427,76.0,26.883808940625023,26.274907081274723,25.648577146786312,31.004970095380862,27.488727470653874,29.460714309118504,25.648577146786312,77.6752147514484,76.94573144035894,-1.6752147514483937
113,114.147787148396,22.2861416594107,72.0,27.12518542199547,26.66777413960779,26.033634720670655,31.688298005962366,27.67090000813963,29.571465602961265,26.033634720670655,78.84133907764267,78.10090416201196,-6.841339077642672
114,114.152702909309,22.2847085178581,70.0,27.35180278563914,26.97623928137654,26.338220794488777,32.14112981256311,27.864477961241562,29.724032548661278,26.338220794488777,79.7637601756523,79.01466238346633,-9.763760175652294
115,114.145940527009,22.2890940728365,70.0,26.775795541869876,26.297496904602543,25.66414014591672,31.31584823616972,27.33240770966333,29.248086413061998,25.66414014591672,77.72234638345716,76.99242043775016,-7.722346383457165
116,114.133360310746,22.2857428992026,77.0,27.02076505297817,26.299445149534808,25.679624230583045,30.771293329856988,27.66658254427507,29.685384688905412,25.679624230583045,77.7692390276301,77.03887269174913,-0.7692390276301069
121,114.156567646223,22.2855853909368,71.0,27.31585148967974,27.013306602635147,26.37180934821927,32.33298329543789,27.800905359918026,29.62725385457392,26.37180934821927,79.86548114478346,79.1154280446578,-8.865481144783459
122,114.153901285683,22.281612102494,70.0,27.710412063496772,27.341883072679046,26.70378703586137,32.48122151970159,28.21744203432882,30.067993981329753,26.70378703586137,80.87085614210648,80.11136110758412,-10.870856142106476
123,114.159817250701,22.2818051392898,63.0,27.785335909348355,27.52141509914657,26.878476179709548,32.86908030316654,28.251665611270788,30.05224836731988,26.878476179709548,81.39989199019655,80.63542853912865,-18.39989199019655
124,114.164800586663,22.279452162141,60.0,28.133466201471983,27.943828004155296,27.297826010077873,33.407180085678746,28.568339357962266,30.32807655936265,27.297826010077873,82.66986840812523,81.89347803023362,-22.669868408125225
131,114.171515968747,22.2765733694504,66.0,28.582421189227038,28.49134389864031,27.841475227365166,34.11042215157281,28.975513987759978,30.68048468611884,27.841475227365166,84.3162782444517,83.5244256820955,-18.316278244451695
132,114.178410854651,22.2769221331515,67.0,28.699170146326342,28.724888812732246,28.070528524657547,34.568567617119406,29.04573000511342,30.6913120228162,28.070528524657547,85.0099527494697,84.21158557397264,-18.009952749469704
133,114.17891339103,22.2796190889951,67.0,28.41944064543036,28.469486270119802,27.81408100711889,34.388482863180755,28.758659030714213,30.39671628026556,27.81408100711889,84.23331645174093,83.44224302135667,-17.233316451740933
134,114.172149053341,22.2814833751573,59.0,28.062128524507322,28.0091330194103,27.357442741764533,33.75688376100125,28.444530166730072,30.13939482859078,27.357442741764533,82.85041419084212,82.0723282252936,-23.850414190842116
135,114.177600452578,22.2816495628227,63.0,28.168437989242147,28.208695377429066,27.55351668472621,34.13242650054212,28.51351055600516,30.16063321331455,27.55351668472621,83.44421265145651,82.66055005417863,-20.44421265145651
140,114.173640759363,22.271384631761,81.0,29.19219763195508,29.1082683600932,28.45845067391137,34.68297418042812,29.577840225885254,31.269747754000846,28.45845067391137,86.18475227451508,85.3753520217341,-5.184752274515077
141,114.136973948225,22.2796753214113,88.0,27.722599399142553,27.046447083900446,26.424621531367368,31.530433125616927,28.34585862082523,30.33453212549554,26.424621531367368,80.025419750502,79.27386459410211,7.974580249498004
142,114.15114188346,22.2791555374114,72.0,27.940656558850165,27.512795081499714,26.877787316864822,32.50238170666241,28.468450100356762,30.342677873059692,26.877787316864822,81.39780580938846,80.63336195059446,-9.397805809388458
143,114.160056458001,22.2743355981489,75.0,28.608401999838353,28.312540923395048,27.671614871018377,33.50726560595911,29.080479656398953,30.883146634446113,27.671614871018377,83.80186609669451,83.01484461305513,-8.80186609669451
144,114.184584946726,22.2704914488167,76.0,29.544565085463216,29.632842112498082,28.97660918810604,35.52445040632897,29.86013120830612,31.460904777599602,28.97660918810604,87.75396500842321,86.92982756431812,-11.753965008423208
145,114.190922972405,22.2751550300822,82.0,29.211194743162615,29.42941326103557,28.76860881589857,35.60935639231964,29.4778807398034,31.01768127455839,28.76860881589857,87.1240480548576,86.30582644769571,-5.124048054857596
146,114.185927726833,22.2794620804338,69.0,28.613702593064364,28.7786783510279,28.1193494686965,34.90726983365156,28.906099290607305,30.483025569501766,28.1193494686965,85.15780412114196,84.35804840608951,-16.157804121141965
147,114.18789939269,22.2830054808303,73.0,28.286772945275267,28.507148374708446,27.845865979590865,34.774417771056,28.559833309814575,30.11401914530629,27.845865979590865,84.3295753805891,83.5375979387726,-11.329575380589105
148,114.196575776606,22.2768944641181,78.0,29.188270981721544,29.50771062608727,28.843789833748623,35.888095420256306,29.414831813060726,30.902429673972488,28.843789833748623,87.35172936728732,86.53136950124588,-9.35172936728732
149,114.195267398609,22.2707610620182,79.0,29.803755294846606,30.062281821592542,29.400447580086073,36.27095127513201,30.050016977631074,31.559442785859932,29.400447580086073,89.03753477249033,88.20134274025821,-10.037534772490332
151,114.192416649805,22.2870915320456,73.0,27.97915859604884,28.30190831638407,27.637401354881387,34.795337584593234,28.213986460155095,29.720689592182467,27.637401354881387,83.69825246549252,82.91220406464416,-10.698252465492516
152,114.198486225984,22.2844731241969,82.0,28.44200819554872,28.844775312180822,28.17823942474485,35.45026640277778,28.641035588784625,30.09752533392207,28.17823942474485,85.3361489063743,84.53471827423455,-3.336148906374305
153,114.2001082891,22.2906624590611,76.0,27.839673857994363,28.314487440214258,27.64589500222444,35.10919597729987,28.014653703962708,29.44373529341239,27.64589500222444,83.72397497936215,82.93768500667332,-7.723974979362154
154,114.207347337395,22.2886782702549,85.0,28.292135950319896,28.867604387442608,28.196844613226535,35.812345873130624,28.422680821289177,29.789200821811296,28.196844613226535,85.39249363078282,84.59053383967961,-0.3924936307828233
155,114.211152709881,22.2872252441683,75.0,28.578303111583395,29.201935447909296,28.53024457417046,36.21317259712136,28.686980895586718,30.02197759842879,28.53024457417046,86.40217589955884,85.59073372251137,-11.402175899558841
156,114.213975813261,22.2781779199576,94.0,29.62258962685573,30.219644001729048,29.548804942917656,37.0984130352088,29.734067190351222,31.065460397383486,29.548804942917656,89.4868263628952,88.64641482875297,4.513173637104799
157,114.218804775421,22.286934216918,76.0,28.89209245040191,29.63056718709223,28.95678633588402,36.83042461289578,28.95140500609894,30.217022438657306,28.89209245040191,87.49801101480831,86.67627735120573,-11.498011014808313
161,114.230180667405,22.2799620447255,81.0,30.057596827730485,30.90624531942626,30.230941159153552,38.22460417563716,30.062924033815854,31.245735751723576,30.057596827730485,91.02767280792237,90.17279048319146,-10.027672807922372
162,114.23757761802,22.27393225653,100.0,30.97783547260565,31.881171810035926,31.205253697757378,39.23869788001761,30.954190034950585,32.09025070543038,30.954190034950585,93.74295286096176,92.86257010485176,6.257047139038235
163,114.240468518226,22.2675958198379,93.0,31.742458766242663,32.63470614513713,31.959057568783862,39.92213496187477,31.718373929959796,32.84883468738215,31.718373929959796,96.05723906150745,95.15512178987939,-3.0572390615074454
164,114.229434649181,22.2688268187652,100.0,31.169014836720567,31.91951135033118,31.24601597441969,38.977136019484874,31.207009988852228,32.42767391543241,31.169014836720567,94.39353720004318,93.50704451016169,5.606462799956816
165,114.235305370276,22.2610279792816,90.0,32.20146875810199,32.97411046744206,32.30042633835897,40.0055051634159,32.22371327012217,33.4160906058729,32.20146875810199,97.52026347438255,96.60440627430596,-7.520263474382546
166,114.222139344457,22.2777511462385,89.0,29.967625966299252,30.682468220564065,30.009358460147663,37.75764504281328,30.028562370029913,31.28877541745425,29.967625966299252,90.75520131981413,89.90287789889776,-1.7552013198141339
171,114.130915342874,22.2658290960441,89.0,29.21378033440758,28.391282720897365,27.779479379148686,32.37892557698364,29.88052440687435,31.912176963450587,27.779479379148686,84.12852744656712,83.33843813744606,4.871472553432881
172,114.140054322076,22.2566764478188,84.0,30.29774741622306,29.60132059504245,28.98269274678906,33.755374793532916,30.909922038542632,32.87247698155656,28.98269274678906,87.77238870984151,86.94807824036718,-3.7723887098415076
173,114.154722021842,22.2518886493947,98.0,30.994575051927328,30.517529269196018,29.88711920016282,35.088717011486565,31.519116231464416,33.3731428232666,29.88711920016282,90.51139129039987,89.66135760048846,7.488608709600129
174,114.154711422157,22.2402187870491,81.0,32.280781691510185,31.762127409963533,31.134724272154447,36.123365786134066,32.813170505144704,34.67076813523752,31.134724272154447,94.289690232183,93.40417281646334,-13.289690232183005
175,114.169018077049,22.2505478633884,79.0,31.372781794238573,31.11377065185415,30.472771426736013,36.122472621557876,31.811186894223333,33.55718854308068,30.472771426736013,92.28500478203313,91.41831428020804,-13.285004782033127
181,114.143921859532,22.273471719629,102.0,28.477769388165896,27.901740782494674,27.274906875128302,32.515640193043104,29.057534494028733,30.990856545039538,27.274906875128302,82.60045914932164,81.82472062538491,19.399540850678363
182,114.154372799933,22.2641102126192,103.0,29.64344548563345,29.20791058792466,28.574479363117202,34.00110628034649,30.161334972070577,32.014119086730915,28.574479363117202,86.53613836894883,85.7234380893516,16.463861631051174
184,114.17784255183,22.2651345102503,99.0,29.963516957931333,29.914034930398667,29.26323639902691,35.48794351062285,30.3300783384334,31.99336546381346,29.26323639902691,88.6219987412292,87.78970919708073,10.378001258770794
190,114.19800215164,22.2665554434807,95.0,30.33171718733285,30.60557950295157,29.943476001620805,36.80094869266871,30.56808846743983,32.061288424713645,29.943476001620805,90.68206456521357,89.83042800486241,4.317935434786435
191,114.185734310895,22.2476535351284,85.0,32.03977968672648,32.02049394943271,31.369480020757347,37.480089153919785,32.38064204299125,33.9998034911533,31.369480020757347,95.0006342772468,94.10844006227204,-10.000634277246803
192,114.197245839559,22.2375027450098,85.0,33.42204432137593,33.51709647416379,32.862256907099216,39.10982738182496,33.709594957619686,35.25277580846296,32.862256907099216,99.52142170958714,98.58677072129765,-14.521421709587145
193,114.198861671966,22.2151670052828,102.0,35.86899010970602,35.87617583123495,35.225626866994205,41.11245134730549,36.17798451753988,37.73789794080741,35.225626866994205,106.67874931186962,105.67688060098261,-4.678749311869623
195,114.217128349735,22.215347118882,96.0,36.35135767750465,36.59759064235275,35.93838782834515,42.31141616669819,36.56329047522095,37.992888590352386,35.93838782834515,108.83730416746793,107.81516348503544,-12.837304167467934
211,114.169539827796,22.2996672661784,68.0,26.02977112664973,26.04056507531571,25.38523415662248,32.12856710520787,26.405058608903794,28.105127133150468,25.38523415662248,76.87769591844649,76.15570246986745,-8.877695918446491
212,114.174524377325,22.3028057171379,65.0,25.807622898633255,25.930194861052296,25.27082235692502,32.257305248378245,26.141202368211303,27.790690312504207,25.27082235692502,76.53120647925695,75.81246707077506,-11.531206479256952
213,114.186416794927,22.3031586203312,65.0,26.090686565806145,26.42904489177226,25.763270572425192,33.132910355348855,26.336011388313846,27.87064716895171,25.763270572425192,78.02255707831878,77.28981171727557,-13.022557078318783
214,114.173935482975,22.296702540858,60.0,26.452800492254564,26.523822551875956,25.866586441521036,32.68252591212658,26.80057418790907,28.463047253952602,25.866586441521036,78.3354431410943,77.59975932456311,-18.335443141094302
215,114.179512338234,22.301352523342,59.0,26.091717740331006,26.294167287540954,25.632374368896006,32.74263144045069,26.391062697157302,27.99497531257509,25.632374368896006,77.62614558690969,76.89712310668801,-18.626145586909686
216,114.172619937707,22.2940475733047,66.0,26.709325771181454,26.739874825893473,26.084234582497963,32.792659040964466,27.070635559825714,28.748252074035154,26.084234582497963,78.99457779772202,78.2527037474939,-12.994577797722016
217,114.184514979707,22.3013691581014,59.0,26.226967469114594,26.518360519065734,25.853968662761883,33.120616342411054,26.489733246154806,28.04576688635397,25.853968662761883,78.29723093660458,77.56190598828564,-19.297230936604578
220,114.171515939439,22.3146190721483,59.0,24.4581596978073,24.608731177041822,23.94764309763971,31.1408068168413,24.794431619510796,26.458329221780204,23.94764309763971,72.52403553439513,71.84292929291912,-13.524035534395125
221,114.164313457129,22.322391689552,60.0,23.44652489397768,23.51274147136852,22.85374493819435,30.0126075312053,23.827174111811694,25.555029204215543,22.85374493819435,69.211228981234,68.56123481458306,-9.211228981234001
222,114.170991211405,22.3235291560336,58.0,23.484276572037984,23.692781536984615,23.029312595459952,30.44737438857977,23.808572220735822,25.466193499922294,23.029312595459952,69.74292535579188,69.08793778637987,-11.742925355791883
225,114.169132402039,22.3088273322026,65.0,25.027304496611176,25.091252192318233,24.43339653579984,31.394694933527774,25.391638986693998,27.085835750691086,24.43339653579984,73.99511139210874,73.30018960739952,-8.99511139210874
226,114.175144029955,22.3100092150216,68.0,25.046650750665695,25.231896539143282,24.57006577101931,31.76114390309903,25.363082946031685,26.997073327458494,24.57006577101931,74.4090061721129,73.71019731305793,-6.409006172112896
227,114.171782795569,22.3177091806686,60.0,24.131511720470787,24.310368170214023,23.648193898057322,30.933105828102573,24.460185562663625,26.117413299765516,23.648193898057322,71.61717115936193,70.94458169417197,-11.61717115936193
228,114.168700527315,22.3138803973036,61.0,24.470020022412132,24.56110369877567,23.901966004983993,30.9810248197252,24.829540417378915,26.522345123024905,23.901966004983993,72.3857051326364,71.70589801495198,-11.385705132636403
229,114.168103323904,22.3170402920214,59.0,24.113928413717293,24.216211469925923,23.556469312604563,30.699723966128843,24.47291595458169,26.168104263200686,23.556469312604563,71.33938862069493,70.66940793781369,-12.339388620694933
231,114.178690350013,22.3263807863689,60.0,23.389106375042196,23.77293605900466,23.104659950003025,30.852168099646256,23.644817028459414,25.216797647594262,23.104659950003025,69.97111040916121,69.31397985000908,-9.971110409161213
232,114.175607609535,22.322910134849,64.0,23.673031048993625,23.967367836611807,23.30156796553531,30.85397770012553,23.961131745214647,25.57148572820628,23.30156796553531,70.56743480973982,69.90470389660592,-6.567434809739822
233,114.181443452615,22.3246412830966,66.0,23.655801070829373,24.077834299529894,23.408768717630185,31.193906211199295,23.89309821556087,25.438947859055205,23.408768717630185,70.89208601330687,70.22630615289056,-4.892086013306866
234,114.180661809779,22.3204962723756,59.0,24.07407783896484,24.445695496122497,23.778073450454745,31.424851337904354,24.32683338497864,25.8884961293309,23.778073450454745,72.01050378232014,71.33422035136424,-13.010503782320143
235,114.175852222888,22.3171339350946,67.0,24.29924736081613,24.551938531344877,23.88765981248122,31.290371854310546,24.596882427512,26.213561722523725,23.88765981248122,72.34237966594215,71.66297943744367,-5.342379665942147
236,114.180235511347,22.3124235216041,66.0,24.924213846899075,25.22244358582763,24.557209638457902,31.974366486900465,25.197113142280596,26.776889917213527,24.557209638457902,74.3700721270832,73.6716289153737,-8.370072127083205
237,114.183157651063,22.3160170782153,62.0,24.624720256474838,25.00599890132636,24.338401940979264,31.941829360123684,24.867619263130777,26.41160715165973,24.338401940979264,73.70742582145557,73.01520582293779,-11.707425821455573
241,114.187404382997,22.3185742441843,51.0,24.483140637981453,24.964618473549358,24.29455646357737,32.09551028405993,24.68730997283782,26.18256402826504,24.29455646357737,73.57464235929386,72.88366939073211,-22.57464235929386
242,114.190890170835,22.3190703775437,58.0,24.543364621973307,25.093110796253587,24.421600800014772,32.33894081092987,24.719302838177008,26.177201068206386,24.421600800014772,73.95938869665423,73.26480240004432,-15.95938869665423
243,114.186472673494,22.3090662513405,61.0,25.46325330522092,25.848687778843548,25.181376103078048,32.70350012587694,25.69585270487863,27.219232888524957,25.181376103078048,76.26032373451386,75.54412830923414,-15.260323734513861
244,114.19018487593,22.3108350200547,60.0,25.389957254370408,25.856202664793102,25.186872615811932,32.8658815028676,25.590833687606334,27.073647855305357,25.186872615811932,76.27696960163333,75.5606178474358,-16.276969601633326
245,114.189407816394,22.304928290024,62.0,25.991871567507186,26.396557032183374,25.728986310413983,33.23329276813499,26.21159149437766,27.713845246320023,25.728986310413983,77.91872919737727,77.18695893124195,-15.918729197377274
246,114.187099514432,22.3243808467592,60.0,23.85964077944536,24.386898218903205,23.71557935528162,31.665524414217884,24.052223847698855,25.538388506358732,23.71557935528162,71.82124407268833,71.14673806584486,-11.82124407268833
247,114.193336354043,22.3181276143584,60.0,24.72425119329309,25.309897945224396,24.637731940805917,32.60072521950944,24.88370330237432,26.31827833929172,24.637731940805917,74.61392920700496,73.91319582241775,-14.613929207004958
251,114.16235018002,22.3044678481885,68.0,25.354549923228756,25.261925328125617,24.610066871427435,31.226735291286715,25.77659729503278,27.539570180255826,24.610066871427435,74.53014716354932,73.8302006142823,-6.530147163549316
252,114.163767041862,22.3095214226775,72.0,24.83312516824332,24.799506508127358,24.14502535047287,30.940309699955908,25.237528619325783,26.98287361419709,24.14502535047287,73.1217961348837,72.4350760514186,-1.1217961348836951
253,114.163149297487,22.3152646493592,62.0,24.195141773230517,24.187787036229402,23.53189046021388,30.456479242963233,24.59608346574664,26.34238219366022,23.53189046021388,71.26495300475942,70.59567138064165,-9.26495300475942
254,114.157017057193,22.3206299669528,67.0,23.485658582421934,23.39152684298411,22.738318032405605,29.588287302618685,23.9281764013013,25.7311324808136,22.738318032405605,68.86166535265824,68.21495409721682,-1.8616653526582354
255,114.151381227322,22.3300385580539,66.0,22.35253988220632,22.203093766719988,21.5510518987723,28.45435954927959,22.82997242345058,24.684803310884984,21.5510518987723,65.26609935422843,64.6531556963169,0.7339006457715698
256,114.15998726192,22.3013091963553,70.0,25.653448121117314,25.497418935945312,24.84832340687941,31.302860751465353,26.097108705222848,27.884313828126775,24.84832340687941,75.25169313669454,74.54497022063822,-5.251693136694541
260,114.139585004306,22.336582150316,61.0,21.45504651192508,21.08575080263768,20.442017518876817,27.067583535843557,22.027744583266717,24.002060599685958,20.442017518876817,61.90745364331363,61.32605255663045,-0.9074536433136302
261,114.151123744312,22.3419502025781,75.0,21.043927196665962,20.97344976563965,20.317231141131064,27.563977539567293,21.50848546419995,23.360711707568544,20.317231141131064,61.529545401699096,60.951693423393195,13.470454598300904
262,114.159749183069,22.3410304871968,72.0,21.321482920139132,21.4369277222053,20.774755587466032,28.312933762412694,21.709951290211862,23.46812030886409,20.774755587466032,62.91513140983207,62.3242667623981,9.084868590167929
263,114.166308725222,22.34026870006,66.0,21.561630148195867,21.81342793558905,21.147485398023257,28.892274694595393,21.893133798290176,23.579021964859404,21.147485398023257,64.04392182629877,63.44245619406977,1.9560781737012292
264,114.154380603738,22.3358767348364,65.0,21.76956453494745,21.726473200723056,21.069937280854578,28.256665706356603,22.213567513760363,24.03405060480634,21.069937280854578,63.80907189212211,63.20981184256374,1.1909281078778875
265,114.158015838104,22.3318483157708,63.0,22.28204658843164,22.287644962173378,21.629832235109262,28.83236507342483,22.70049303068459,24.485264965625944,21.629832235109262,65.50468099203798,64.88949670532779,-2.504680992037976
266,114.160879511723,22.3289018654136,62.0,22.663503066937324,22.707536112127414,22.048710484057356,29.26954149550818,23.062195715747784,24.819357931667703,22.048710484057356,66.7732292532358,66.14613145217207,-4.773229253235797
267,114.165162716124,22.328350917857,59.0,22.820395206019885,22.949058379273435,22.287588977385813,29.643282344204035,23.184053798407728,24.896794979747686,22.287588977385813,67.49665878940853,66.86276693215744,-8.496658789408528
268,114.171992517796,22.3343387866489,56.0,22.349096618491465,22.66819463356439,22.00097243376505,29.76029493761335,22.643429818453566,24.274717700093497,22.00097243376505,66.62865736189659,66.00291730129516,-10.628657361896586
269,114.141058836356,22.3229883471022,88.0,22.973851940206735,22.560791096676407,21.920723080396225,28.22128835531807,23.544031855068376,25.502458167985463,21.920723080396225,66.38562689198339,65.76216924118869,21.614373108016608
271,114.178637102477,22.3374724585597,50.0,22.20737462799155,22.69113977814631,22.019986557041403,30.084300095055365,22.437621066775407,23.98939665904823,22.019986557041403,66.68624052139697,66.05995967112422,-16.686240521396968
272,114.182624788439,22.3370286279149,56.0,22.37988199250004,22.93959109797973,22.266995150610413,30.441041670048236,22.57720979320188,24.084898988726064,22.266995150610413,67.4342915903168,66.80098545183124,-11.434291590316803
280,114.20953697054,22.3243580127677,67.0,24.68354904135159,25.613445812660824,24.936155851428474,33.5044221278934,24.701951309596545,25.947892918291085,24.68354904135159,74.75268361446416,74.05064712405476,-7.752683614464161
281,114.199393067552,22.3461701978265,62.0,22.04326598153208,23.026947765472126,22.348755628502985,31.26301871057019,22.070390360676953,23.3577335674354,22.04326598153208,66.7567408959891,66.12979794459623,-4.756740895989097
282,114.186026458825,22.3440042374272,58.0,21.76094294290183,22.459880992511255,21.784692568816716,30.26583060528999,21.909746706867523,23.36170478197054,21.76094294290183,65.90174209705441,65.2828288287055,-7.901742097054409
283,114.192137205184,22.3363962251725,62.0,22.771912946635712,23.51090861647453,22.835472712960907,31.269740102756547,22.891142610548922,24.292694650509617,22.771912946635712,68.96340558419023,68.31573883990713,-6.963405584190227
284,114.197783325531,22.3360709547386,58.0,23.016024367014143,23.8579577019206,23.18126282991495,31.7624751629631,23.089817876758094,24.428322333452854,23.016024367014143,69.70268273366561,69.04807310104243,-11.702682733665611
285,114.189473228515,22.3300491055114,62.0,23.34176892527035,23.96682239972746,23.29340764275971,31.471083504469906,23.50067541011412,24.948187722628408,23.29340764275971,70.54272174981419,69.88022292827914,-8.542721749814191
286,114.203735988365,22.3211078941256,74.0,24.788201372615358,25.585817497553986,24.91012055133003,33.24070962544347,24.860269592786448,26.17794057918415,24.788201372615358,75.06961707469594,74.36460411784607,-1.069617074695941
287,114.206156064005,22.3353869411362,60.0,23.42046144289819,24.407362548640577,23.729359511012905,32.51131008930956,23.429130025156024,24.675218396694124,23.42046144289819,70.92749674743936,70.26138432869458,-10.927496747439363
288,114.212216756957,22.344372613737,74.0,22.778308205491772,23.974711025898788,23.29572092674127,32.47737167779306,22.706356574135715,23.84904951640592,22.706356574135715,68.76487194690029,68.11906972240715,5.235128053099714
290,114.230996785551,22.3037299945153,80.0,27.68725781537435,28.756753267189016,28.078669916996507,36.64317319528126,27.619152116336117,28.717371784305303,27.619152116336117,83.64298571463372,82.85745634900834,-3.642985714633724
291,114.215665383604,22.3285673601191,66.0,24.515866042509977,25.593336221464348,24.91487017490868,33.74712749847594,24.47433523859402,25.639542758428266,24.47433523859402,74.11909185749616,73.42300571578205,-8.119091857496159
292,114.225610098395,22.3280859830456,74.0,25.015417464149102,26.249986205910005,25.571001040574632,34.62213534260578,24.90230202546492,25.96200426600508,24.90230202546492,75.41516422386717,74.70690607639476,-1.4151642238671656
293,114.234385510876,22.319289292336,75.0,26.300521011446133,27.576228231878577,26.89722183919381,35.91811131032467,26.157532220081567,27.161876528755798,26.157532220081567,79.21655540324363,78.47259666024469,-4.216555403243632
294,114.225455211049,22.3167987297716,71.0,26.130827914183698,27.243965304106432,26.565453226292185,35.324127382031385,26.058173031874915,27.163866369653373,26.058173031874915,78.91565191696786,78.17451909562475,-7.91565191696786
295,114.221746379273,22.311525119668,67.0,26.49812201977311,27.500787374711855,26.823101146326962,35.361934543895856,26.46836176334497,27.630621357322536,26.46836176334497,80.15788448305594,79.4050852900349,-13.157884483055938
296,114.236405271049,22.3252658862059,79.0,25.815963125015383,27.186221489062763,26.507293373965148,35.72059926439252,25.63712872298719,26.594711621897858,25.63712872298719,77.64054387001613,76.91138616896157,1.3594561299838688
297,114.238427283545,22.3088731538252,75.0,27.51895402338695,28.747648162332332,28.068752495459655,36.922231799789564,27.385229977923153,28.39168745581672,27.385229977923153,82.93456620924132,82.15568993376945,-7.934566209241325
298,114.239514742952,22.2948116454997,71.0,28.96293384573738,30.072831396235944,29.39458493262802,37.94037659667931,28.86770775848265,29.91718032132152,28.86770775848265,87.42416340249684,86.60312327544796,-16.424163402496845
320,114.130919831072,22.337927623323,69.0,21.215915237639752,20.65455920778923,20.019683386675904,26.31536290736826,21.863577239351383,23.9249876272516,20.019683386675904,60.62843944194758,60.05905016002772,8.371560558052423
321,114.127158446842,22.381794382176,73.0,16.322853496023598,15.933610519360613,15.283327624234552,22.897326413264285,16.99220190040413,19.12975044328181,15.283327624234552,46.2846632207006,45.849982872703656,26.7153367792994
322,114.114192703911,22.381095726469,76.0,16.34612942891183,15.559061662661055,14.927297907085354,21.873794215485354,17.15845788421752,19.44347723634989,14.927297907085354,45.20644805971159,44.78189372125606,30.79355194028841
323,114.103561985004,22.376282865987,72.0,16.916656599729713,15.791216484003193,15.180663786041958,21.364769097974317,17.83530743157546,20.2196235782719,15.180663786041958,45.973751795354076,45.54199135812587,26.026248204645924
324,114.114825747895,22.3695101941041,64.0,17.634499087366507,16.81156012370313,16.18458986066734,22.734781407720064,18.433821783005005,20.691766320320575,16.18458986066734,49.01408315544575,48.55376958200202,14.985916844554247
325,114.130223997896,22.3749689319611,75.0,17.106840898655697,16.75537218778408,16.104923610027598,23.598998319816427,17.74529808454581,19.839594462797745,16.104923610027598,48.77281857802026,48.31477083008279,26.227181421979743
326,114.126321700188,22.3629219924672,66.0,18.40915552638689,17.868880123063363,17.228853250813987,24.111372036642386,19.092315506026175,21.219758076123572,17.228853250813987,52.1765737147663,51.68655975244196,13.823426285233701
327,114.139993940323,22.3613277286353,71.0,18.73274360478249,18.541467446160503,17.887145598910184,25.317479178971425,19.280061531977978,21.25357451368553,17.887145598910184,54.17017356301418,53.66143679673055,16.82982643698582
328,114.132297574353,22.3501069798303,74.0,19.879127347712288,19.41694951486221,18.775479950403682,25.504420409877177,20.509205307217826,22.563327381672952,18.775479950403682,56.860442154852684,56.32643985121105,17.139557845147316
329,114.116616234885,22.3590276084559,71.0,18.8016321070093,17.982899640046682,17.357997953009452,23.640395675372382,19.579071211205317,21.802924412180612,17.357997953009452,52.56768088689657,52.073993859028356,18.432319113103432
334,114.078953761487,22.3692899444228,85.0,18.026541286513726,16.19990478162371,15.647029757475103,20.076958806271083,19.16033053518764,21.736907495627385,15.647029757475103,47.38611384477779,46.94108927242531,37.61388615522221
335,114.06292915763,22.3698454643885,79.0,18.369013158780877,16.119977690508087,15.610895376759183,18.94481539208485,19.63245974971515,22.318889547399635,15.610895376759183,47.27668298762121,46.83268613027755,31.723317012378793
336,114.042380120715,22.3623553343624,66.0,19.853038261008553,17.16275150325467,16.7122540682897,18.37341049464632,21.236013152070164,24.012608412256817,16.7122540682897,50.6120833255587,50.13676220486909,15.3879166744413
350,114.104347705864,22.3402869388419,82.0,20.908394867859805,19.727454632704646,19.12929704608255,24.218553552435893,21.783888251100915,24.092677350348318,19.12929704608255,57.93195652121719,57.387891138247646,24.068043478782812
351,114.091910603333,22.352755712166,88.0,19.631508752872566,18.15803680023887,17.579139019334907,22.332253677293533,20.625086745266735,23.06074480191527,17.579139019334907,53.2373936635114,52.737417058004716,34.7626063364886
421,113.931416558609,22.371532377113,66.0,25.611332293459512,21.306051236174717,21.198860606077808,14.516090923134458,27.430239995793375,30.437533848525064,14.516090923134458,43.96113177558067,43.54827276940337,22.038868224419332
423,113.967263090038,22.401731980785,40.0,20.62562861763052,16.356055762971184,16.230578766350064,11.299938186977979,22.44511188742635,25.452583288111594,11.299938186977979,34.22120144631817,33.89981456093393,5.778798553681831
424,113.974556398141,22.388212494773,35.0,21.163038597605745,17.10020161176874,16.91435387911344,12.928199021220117,22.928160093569055,25.926041339176027,12.928199021220117,39.15229408538792,38.78459706366035,-4.152294085387922
426,113.997352268387,22.3705413951425,51.0,21.240016316863287,17.64866195345949,17.351824998397948,15.485467642516374,22.876690040562448,25.820349227267393,15.485467642516374,46.89683243539209,46.45640292754913,4.103167564607908
427,114.014167297546,22.3705097440274,63.0,20.316153828207003,17.00157022075539,16.649414556600785,16.161764623895838,21.879774598812944,24.78206938879894,16.161764623895838,48.944958261778844,48.48529387168752,14.055041738221156
428,113.955675455005,22.4037675240848,55.0,21.36532673720559,16.9778786028764,16.893927675038753,10.903568244164877,23.212297432903068,26.219200044199727,10.903568244164877,33.02081827290363,32.71070473249463,21.979181727096368
442,113.977403782368,22.4231675449405,63.0,18.267521677214596,13.876629358610774,13.788796580550631,9.28548196892388,20.121749356902612,23.127473951275825,9.28548196892388,28.12053869028111,27.856445906771643,34.87946130971889
510,114.002723020868,22.4620175135088,39.0,13.607123696800997,8.997924954417359,8.996621867888042,7.306294326441263,15.51606942152441,18.49322599377192,7.306294326441263,22.126684751193785,21.91888297932379,16.873315248806215
511,113.988224263584,22.453163672757,47.0,15.392799712298173,10.772044187028104,10.780582524736428,6.911539267577875,17.300794319445156,20.27892772952148,6.911539267577875,20.93119215930643,20.734617802733627,26.06880784069357
512,113.988636980177,22.435850549427,51.0,16.481866325666264,12.05791809771141,11.978806876732929,8.514741378787225,18.347913531059362,21.350814273246247,8.514741378787225,25.78639592228651,25.544224136361674,25.21360407771349
514,113.998275363308,22.4766846541525,60.0,13.210048433923097,8.423752715336327,8.54739822068952,6.051312895768167,15.146047981638592,18.06675184814309,6.051312895768167,18.32604693886092,18.153938687304503,41.67395306113908
515,113.999799591425,22.4407905551657,45.0,15.244774685283824,10.880635927244597,10.775184002947311,8.729664424071357,17.10184399777772,20.106795786974313,8.729664424071357,26.43727778610062,26.18899327221407,18.56272221389938
517,114.013662221195,22.4519209457478,57.0,13.358244744093922,9.01610726419802,8.895156692764873,8.881931411386097,15.218392493204314,18.22245946221485,8.881931411386097,26.898409445433636,26.64579423415829,30.101590554566364
518,114.018631288178,22.4326417402131,61.0,14.45975102496579,10.500175306402484,10.265182977578165,10.698686020984209,16.232103250846535,19.233645249373044,10.265182977578165,31.08750585590289,30.795548932734494,29.91249414409711
519,114.007232342979,22.4303537077629,59.0,15.457171456631174,11.336012927614554,11.150869928236807,10.112270106937324,17.26003947587196,20.266405583297228,10.112270106937324,30.624418176718468,30.336810320811974,28.375581823281532
521,114.065666270344,22.4438163070924,62.0,10.61589151340818,7.89026510050991,7.391019535038392,13.88135100778762,12.160833012853052,15.077056978847267,7.391019535038392,22.383270086706943,22.173058605115177,39.61672991329306
522,114.035229235305,22.4168568351222,82.0,14.793623524726561,11.42593922173118,11.06189547295083,13.146393436822411,16.4201411080315,19.366678687311342,11.06189547295083,33.50030301884368,33.18568641885249,48.49969698115632
523,114.039824791271,22.4351474417947,79.0,12.85396405176211,9.346599970300682,8.996695335958679,12.14971152878596,14.5385738829972,17.5140221516171,8.996695335958679,27.245965274198635,26.990086007876037,51.75403472580136
524,114.033312602082,22.4465206926769,43.0,12.302406247045687,8.430322243997166,8.158600556942535,10.867049030519313,14.074463758026608,17.07676425189891,8.158600556942535,24.707844287229833,24.475801670827604,18.292155712770167
525,114.043144424279,22.4519789009026,57.0,11.177464541432515,7.470401877493971,7.148036942656065,11.412190014875517,12.929173214109325,15.927687379527192,7.148036942656065,21.647411526750695,21.444110827968192,35.352588473249305
526,114.060474908067,22.4473257908169,62.0,10.542190355321196,7.5451149621255675,7.082708007370229,13.228313119018814,12.152745303913083,15.101427473458577,7.082708007370229,21.449566669752592,21.248124022110687,40.55043333024741
527,114.021571257455,22.4428441246415,47.0,13.432816448660937,9.369546014627007,9.157631520454991,10.149396393872232,15.235427427745476,18.242029063799734,9.157631520454991,27.73335108981282,27.472894561364974,19.26664891018718
528,114.026640340793,22.4596243407065,67.0,11.785313028803964,7.524929013320218,7.365224853959458,9.51667805413307,13.638655657595676,16.643900532605347,7.365224853959458,22.30515240474803,22.095674561878372,44.69484759525197
529,114.031269952568,22.4375563471176,54.0,13.189532375680347,9.421802769297635,9.131159517274849,11.292754901167166,14.929625016535693,17.923689650702723,9.131159517274849,27.653182177512114,27.393478551824547,26.346817822487886
531,114.076579113197,22.41611214903,79.0,13.038678334695144,10.988660876201063,10.435286728141078,16.448276676004795,14.33790262745208,17.08312528175287,10.435286728141078,31.602655108798444,31.30586018442323,47.397344891201556
532,114.092339958441,22.4509502106211,62.0,8.867774069774882,7.47672466760517,6.841673421965201,16.067824747655852,10.13934399769279,12.906180346659811,6.841673421965201,20.719607534915834,20.525020265895602,41.28039246508416
533,114.105007310032,22.4224340991147,80.0,11.787416626192567,10.899308431195204,10.258041061812616,18.56738912092258,12.76593389823875,15.266891278925499,10.258041061812616,31.06587698200275,30.774123185437844,48.93412301799725
541,114.042461711552,22.4700892339104,55.0,9.794005751095867,5.670312868169783,5.444624143953723,10.52374742868027,11.640907900789879,14.646857987834975,5.444624143953723,16.488725561741965,16.333872431861167,38.511274438258035
543,114.077228904408,22.4886007709797,43.0,5.806396087148969,3.0170347843892715,2.4036091451235513,13.577072668857936,7.580963725253226,10.587261368822194,2.4036091451235513,7.279189619663178,7.210827435370654,35.72081038033682
544,114.068796957898,22.4714355470367,61.0,7.839369919520712,4.810965866608443,4.3031053074715135,13.068679226241704,9.543344529336983,12.533611409798006,4.3031053074715135,13.031702575276267,12.90931592241454,47.96829742472373
545,114.098137910864,22.5078933488217,41.0,2.7875578397359124,3.0674116205029494,2.5612872273382767,15.665903972902727,4.550308075369372,7.558047782069835,2.5612872273382767,7.7567084632049506,7.683861682014831,33.24329153679505
546,114.09455339065,22.497405309953,51.0,3.965102043939638,3.23750598815252,2.588484604772634,15.288062057042245,5.626530359569365,8.619742086854785,2.588484604772634,7.839074128980473,7.765453814317902,43.16092587101953
547,114.102081584245,22.4835277950175,36.0,5.110154391225013,4.8399549218348055,4.165167326185263,16.178313921144582,6.440171251465858,9.303978757916745,4.165167326185263,12.613965472064939,12.495501978555788,23.38603452793506
548,114.105371176049,22.5119587947211,41.0,2.0109138273441363,3.728014341049294,3.3023019140430185,16.43406199999685,3.6947873271614644,6.7008711450002325,2.0109138273441363,6.089934833097904,6.032741482032408,34.91006516690209
549,114.095149932102,22.5129457376641,42.0,2.58230576362427,2.672716446618426,2.2697153992600128,15.395651083889323,4.461316702302828,7.453048614837266,2.2697153992600128,6.873700246732043,6.809146197780038,35.12629975326796
621,114.117975191559,22.490262619684,33.0,4.225159411923899,5.7000092468926855,5.082959989293342,17.7315131381962,5.123783033092208,7.805961878335867,4.225159411923899,12.795647992559832,12.675478235771697,20.204352007440168
622,114.09763623758,22.5268113584704,52.0,1.7072929374477348,3.216355877167041,3.1274070017300293,15.85054249601193,3.607872561119415,6.4417753526296275,1.7072929374477348,5.170436738105767,5.121878812343204,46.829563261894236
623,114.11271367799,22.5089425129323,41.0,2.135679234344594,4.515424073515079,4.0501484159982555,17.167018950722568,3.4541341499418796,6.40479035739249,2.135679234344594,6.4677795660376685,6.407037703033782,34.53222043396233
624,114.127789849023,22.5093004550954,21.0,2.51363971617374,6.048328799658088,5.597802777260431,18.71585205535662,2.8369340477005274,5.465540706561856,2.51363971617374,7.612410764315203,7.54091914852122,13.387589235684796
625,114.141633276116,22.4980902290049,24.0,4.367619870405713,7.66657042192018,7.141701230744189,20.121494453244082,4.179316581145431,6.132118957741852,4.179316581145431,12.656815662596532,12.537949743436293,11.343184337403468
626,114.121293904847,22.5044919026358,22.0,2.724357211269035,5.470333351049181,4.966865447515847,18.031507549344926,3.510629689522683,6.268211537315157,2.724357211269035,8.250556365521199,8.173071633807105,13.749443634478801
627,114.12611479907,22.496260625459,20.0,3.7459604297380324,6.195764982174895,5.633867992016196,18.532837035022055,4.296752636111207,6.834491635886012,3.7459604297380324,11.344421921150781,11.237881289214096,8.655578078849219
628,114.139703183279,22.487419203607,21.0,5.227375727215895,7.8523881962526145,7.265677699457009,19.981184244862924,5.304001854492885,7.334123334763236,5.227375727215895,15.830801446577656,15.682127181647685,5.169198553422344
629,114.130673077524,22.5154453161722,36.0,2.2006773148709926,6.315028749340442,5.925490599015548,19.05509544837041,2.1272217363384227,4.725884377339445,2.1272217363384227,6.442166528319059,6.381665209015268,29.55783347168094
631,114.150003860779,22.4748461720104,41.0,6.970894020942482,9.410155141194753,8.792060762563759,21.186563809130142,6.898509085608126,8.591697585668852,6.898509085608126,20.891731015830192,20.695527256824377,20.108268984169808
634,114.166857981724,22.5037948532262,44.0,6.046571994056957,10.104824174278498,9.63482651340261,22.710577697699886,4.969868282859605,5.5199300970653065,4.969868282859605,15.050955222516153,14.909604848578816,28.94904477748385
722,114.17830581405,22.465703120602,45.0,9.56615845024558,12.463209714916895,11.855368375285297,24.21585266875049,9.026616276249795,9.914598585023354,9.026616276249795,27.336579090683536,27.079848828749384,17.663420909316464
723,114.166089863833,22.445835672764,33.0,10.587540339284823,12.559335764250191,11.90197577277568,23.462944518305314,10.476490006445585,11.87112617363615,10.476490006445585,31.727436825634047,31.429470019336755,1.2725631743659527
725,114.162978439673,22.4304964647116,36.0,11.954332490088541,13.435592382703591,12.762702516616114,23.66812433350512,12.006862255569136,13.543482443949479,11.954332490088541,36.202996293468445,35.862997470265626,-0.20299629346844483
726,114.168967599217,22.4528778019438,29.0,10.080760159898674,12.342075929880002,11.697547229981213,23.556172390124885,9.85362379097096,11.129267468871287,9.85362379097096,29.841122946640745,29.56087137291288,-0.8411229466407448
727,114.187787008434,22.456153377376,46.0,11.007103734793674,13.813995559109676,13.194427570942997,25.367242485782658,10.446698222303125,11.207213915845585,10.446698222303125,31.63721415098621,31.340094666909376,14.36278584901379
728,114.206581833929,22.4636747738817,43.0,11.89089780652944,15.212123512601414,14.626741228957213,27.120069435357575,11.009470921175962,11.205168781315178,11.009470921175962,33.34153833205202,33.02841276352789,9.658461667947982
729,114.192567055814,22.4330521034942,44.0,13.286552056640446,15.591842853709696,14.940567847420505,26.4710009954745,12.900342104603906,13.806028795112958,12.900342104603906,39.06793104380109,38.70102631381172,4.932068956198911
751,114.192959991085,22.4244406684761,57.0,14.083520507371398,16.200139855181746,15.540427028884,26.800647105164092,13.764381587675816,14.736995058888509,13.764381587675816,41.68462404853373,41.29314476302745,15.315375951466272
753,114.200300996023,22.4063787454118,60.0,16.16988830017225,18.071236985533186,17.40270525933209,28.207401333576158,15.897620505841715,16.875664457570068,15.897620505841715,48.145013259848916,47.692861517525145,11.854986740151084
754,114.170534286284,22.3764450486204,50.0,17.829330842565142,18.56860264230659,17.89148035043477,26.954364803881116,18.02659171086891,19.59585716855618,17.829330842565142,53.995084957154944,53.487992527695425,-3.995084957154944
755,114.196163354627,22.3777000230396,45.0,18.725111470629813,20.05788036374731,19.379416168982292,29.176884439008756,18.654790214106935,19.859337670922137,18.654790214106935,56.49494035210181,55.96437064232081,-11.494940352101807
756,114.212842923518,22.3882981554477,57.0,18.558231279119415,20.38278173614972,19.71076661686978,30.188758205252466,18.273135009824514,19.179268130938006,18.273135009824514,55.33911990311603,54.81940502947354,1.6608800968839716
757,114.237716463828,22.4169953575417,71.0,17.711603868340934,20.442087259996185,19.8036951639663,31.43154729851072,17.0120616893948,17.297641925412748,17.0120616893948,51.52003315919605,51.036185068184395,19.479966840803947
758,114.189999019119,22.3865122041731,47.0,17.56535267148142,18.901955295536233,18.22374578040526,28.161190463435556,17.515548430337777,18.76946412595743,17.515548430337777,53.04481328650822,52.546645291013334,-6.044813286508223
759,114.17795029431,22.3659256876509,52.0,19.186228038004725,19.964722178009218,19.287657773223113,28.217784662421668,19.341956565976357,20.83726032405692,19.186228038004725,58.10436869824596,57.55868411401417,-6.104368698245963
820,114.245516976125,22.3554010361073,103.0,23.47137619695546,25.340738961866958,24.667457976343044,34.82191495638222,23.098212284595473,23.795562273271845,23.098212284595473,69.95158403183778,69.29463685378641,33.04841596816222
822,114.27508350147,22.3947905467767,80.0,22.20466931515199,25.008315340974523,24.369241676576873,35.856468754919135,21.41114943768863,21.451484703164212,21.41114943768863,64.84241293892597,64.23344831306589,15.157587061074025
825,114.26316677952,22.3814812676415,97.0,22.363922418283433,24.835236740746033,24.180265568103884,35.23747142901925,21.72720054746861,22.026690776215045,21.72720054746861,65.79955522733044,65.18160164240582,31.200444772669556
826,114.271019072549,22.3805009289407,82.0,23.00152438265001,25.551062009406852,24.89895288710438,36.02641138356826,22.321304623469917,22.540120611137084,22.321304623469917,67.59876465029426,66.96391387040974,14.401235349705743
827,114.269926448527,22.3760478342415,97.0,23.28026190550459,25.753604490260546,25.098120982542248,36.110971903485506,22.6330463935757,22.902169479924098,22.6330463935757,68.54285635570871,67.8991391807271,28.457143644291293
828,114.27405889113,22.385441735033,79.0,22.836261711246046,25.49123358519952,24.84405599926971,36.11612373218187,22.107738319511558,22.248589136783693,22.107738319511558,66.95199159817908,66.32321495853466,12.048008401820923
831,114.261884670346,22.3288341784267,87.0,26.85828651268128,28.625310105830334,27.949475565785445,37.73449424243088,26.4980539889768,27.17681556465477,26.4980539889768,80.24780565058121,79.49416196693039,6.752194349418787
832,114.286278660479,22.2855026565229,100.0,32.258420471939246,33.87550295087897,33.19738291044905,42.44565193200628,31.925358018029247,32.601033818777374,31.925358018029247,96.68407825804127,95.77607405408774,3.315921741958732
835,114.249143155192,22.3131610443123,100.0,27.633550327727654,29.05783469789114,28.37898049684738,37.55696109563103,27.41556636634243,28.299007314788042,27.41556636634243,83.02643818606737,82.24669909902728,16.973561813932633
836,114.254406317374,22.3273865198951,79.0,26.566600363444724,28.21761255622378,27.540401537227627,37.1583489260323,26.25962608958405,27.021477848321318,26.25962608958405,79.5257407117708,78.77887826875215,-0.5257407117707942
837,114.26647585719,22.3186761562915,84.0,28.05823867912433,29.77110777049075,29.094365127177433,38.72319354854922,27.712042751311582,28.400766294233243,27.712042751311582,83.9242995660347,83.13612825393474,0.07570043396529513
838,114.260696443758,22.3078464914414,76.0,28.75019043289207,30.2746381255723,29.596162421057446,38.87332178775376,28.48040289536553,29.27773817078887,28.48040289536553,86.25123329238849,85.44120868609659,-10.251233292388491
839,114.273513091172,22.2903912405823,91.0,31.094351860135465,32.6078172207437,31.92914554106215,41.05643495384333,30.8129959382954,31.57478076543905,30.8129959382954,93.31535480292672,92.4389878148862,-2.31535480292672
951,113.925158611812,22.3083447430452,95.0,31.220134356418665,27.308383027852212,27.097149051610142,21.571386443979524,32.91815333779287,35.887690661934535,21.571386443979524,65.32768133426595,64.71415933193857,29.672318665734053
971,114.011041285918,22.2959122569952,113.0,27.911021686845668,25.05197445213198,24.641198049968445,23.813272223976455,29.293046100603416,32.05065323533741,23.813272223976455,72.11710120784747,71.43981667192936,40.88289879215253
972,113.994881947621,22.3089562430198,111.0,27.280202711024355,24.119512347603926,23.754656286046885,21.985588813645055,28.760622112828514,31.596247353193327,21.985588813645055,66.58206896872231,65.95676644093517,44.41793103127769
975,114.060516002193,22.3490352368712,89.0,20.661407449671557,18.442691788247778,17.936650951360544,20.641474181770914,21.88889400694291,24.534835849961755,17.936650951360544,54.32009762550393,53.80995285408163,34.67990237449607
