"from_id","to_id","travel_time_p25","travel_time_p50","travel_time_p75","run"
"284","LW",57,58,59,1
"284","LMC",62,63,64,1
"284","HG",91,94,97,1
"284","SB",96,98,100,1
"284","MKT",67,69,70,1
"284","HYW",77,78,79,1
"421","LW",83,88,92,1
"421","LMC",88,93,97,1
"421","HG",89,98,103,1
"421","SB",62,67,72,1
"421","MKT",86,89,94,1
"421","HYW",94,98,103,1
"622","LW",46,52,65,1
"622","LMC",51,57,70,1
"622","HG",66,75,84,1
"622","SB",101,108,,1
"622","MKT",50,55,67,1
"622","HYW",59,65,76,1
"627","LW",19,20,22,1
"627","LMC",24,25,27,1
"627","HG",39,44,49,1
"627","SB",76,79,81,1
"627","MKT",25,27,29,1
"627","HYW",35,37,39,1
"728","LW",42,43,45,1
"728","LMC",47,48,50,1
"728","MKT",53,55,57,1
"728","HYW",55,59,63,1
"835","LW",94,99,105,1
"835","LMC",100,105,111,1
"838","LW",75,76,77,1
"838","LMC",80,81,82,1
"838","HG",104,109,116,1
"838","MKT",95,96,97,1
"838","HYW",103,104,106,1
"971","SB",107,112,118,1
"284","LW",57,58,59,2
"284","LMC",62,63,64,2
"284","HG",91,94,97,2
"284","SB",96,98,100,2
"284","MKT",67,69,70,2
"284","HYW",76,78,79,2
"421","LW",84,87,91,2
"421","LMC",89,92,96,2
"421","HG",88,95,102,2
"421","SB",62,66,70,2
"421","MKT",86,89,92,2
"421","HYW",95,98,101,2
"622","LW",46,54,61,2
"622","LMC",51,59,66,2
"622","HG",66,76,85,2
"622","SB",102,111,118,2
"622","MKT",49,57,63,2
"622","HYW",59,66,72,2
"627","LW",19,20,21,2
"627","LMC",24,25,26,2
"627","HG",40,44,48,2
"627","SB",76,78,80,2
"627","MKT",25,27,29,2
"627","HYW",35,37,39,2
"728","LW",42,43,44,2
"728","LMC",47,48,49,2
"728","MKT",53,55,56,2
"728","HYW",54,59,63,2
"835","LW",94,100,105,2
"835","LMC",100,106,111,2
"838","LW",75,76,77,2
"838","LMC",80,81,82,2
"838","HG",106,111,117,2
"838","MKT",94,96,97,2
"838","HYW",103,105,106,2
"971","SB",108,112,119,2
"284","LW",57,58,59,3
"284","LMC",62,63,64,3
"284","HG",91,94,97,3
"284","SB",96,98,100,3
"284","MKT",67,68,70,3
"284","HYW",77,77,79,3
"421","LW",84,88,94,3
"421","LMC",89,93,99,3
"421","HG",90,97,104,3
"421","SB",62,67,73,3
"421","MKT",86,90,96,3
"421","HYW",95,99,105,3
"622","LW",47,54,66,3
"622","LMC",52,59,71,3
"622","HG",68,76,87,3
"622","SB",102,110,,3
"622","MKT",50,56,68,3
"622","HYW",60,66,78,3
"627","LW",19,20,21,3
"627","LMC",24,25,26,3
"627","HG",39,44,48,3
"627","SB",76,78,80,3
"627","MKT",25,27,29,3
"627","HYW",35,36,39,3
"728","LW",42,43,44,3
"728","LMC",47,48,49,3
"728","MKT",53,54,56,3
"728","HYW",53,58,62,3
"835","LW",94,99,105,3
"835","LMC",99,105,111,3
"838","LW",75,76,77,3
"838","LMC",80,81,82,3
"838","HG",107,113,117,3
"838","MKT",94,96,97,3
"838","HYW",103,104,106,3
"971","SB",106,112,118,3
"284","LW",57,58,59,4
"284","LMC",62,63,64,4
"284","HG",91,93,97,4
"284","SB",96,98,100,4
"284","MKT",67,68,70,4
"284","HYW",76,78,79,4
"421","LW",83,88,93,4
"421","LMC",88,93,98,4
"421","HG",86,95,103,4
"421","SB",61,66,73,4
"421","MKT",85,90,94,4
"421","HYW",94,99,103,4
"622","LW",46,53,64,4
"622","LMC",51,58,69,4
"622","HG",68,77,85,4
"622","SB",102,109,,4
"622","MKT",50,56,66,4
"622","HYW",60,65,75,4
"627","LW",19,20,22,4
"627","LMC",24,25,27,4
"627","HG",38,43,47,4
"627","SB",76,78,80,4
"627","MKT",25,27,29,4
"627","HYW",35,36,39,4
"728","LW",42,43,45,4
"728","LMC",47,48,50,4
"728","MKT",53,55,57,4
"728","HYW",55,59,63,4
"835","LW",95,100,105,4
"835","LMC",101,105,111,4
"838","LW",75,76,77,4
"838","LMC",80,81,82,4
"838","HG",105,111,116,4
"838","MKT",94,96,96,4
"838","HYW",103,104,105,4
"971","SB",105,112,117,4
"284","LW",57,58,59,5
"284","LMC",62,63,64,5
"284","HG",90,94,98,5
"284","SB",96,98,100,5
"284","MKT",67,69,70,5
"284","HYW",77,78,79,5
"421","LW",84,87,93,5
"421","LMC",89,92,98,5
"421","HG",89,96,102,5
"421","SB",63,67,72,5
"421","MKT",85,89,93,5
"421","HYW",94,98,102,5
"622","LW",46,52,61,5
"622","LMC",51,57,66,5
"622","HG",67,74,86,5
"622","SB",101,107,118,5
"622","MKT",50,55,64,5
"622","HYW",59,65,73,5
"627","LW",19,20,21,5
"627","LMC",24,25,26,5
"627","HG",39,43,48,5
"627","SB",76,78,81,5
"627","MKT",25,26,28,5
"627","HYW",34,36,38,5
"728","LW",42,43,45,5
"728","LMC",47,48,50,5
"728","MKT",53,55,57,5
"728","HYW",54,59,62,5
"835","LW",94,100,105,5
"835","LMC",100,106,111,5
"838","LW",75,76,77,5
"838","LMC",80,81,82,5
"838","HG",106,111,116,5
"838","MKT",94,96,97,5
"838","HYW",103,104,106,5
"971","SB",106,112,118,5
"284","LW",57,58,59,6
"284","LMC",62,63,64,6
"284","HG",91,94,97,6
"284","SB",96,98,100,6
"284","MKT",67,69,70,6
"284","HYW",76,78,79,6
"421","LW",83,87,93,6
"421","LMC",88,92,98,6
"421","HG",87,95,102,6
"421","SB",62,66,73,6
"421","MKT",85,89,94,6
"421","HYW",94,98,103,6
"622","LW",47,55,65,6
"622","LMC",52,60,70,6
"622","HG",67,77,86,6
"622","SB",102,110,,6
"622","MKT",50,56,66,6
"622","HYW",61,66,75,6
"627","LW",19,20,21,6
"627","LMC",24,25,26,6
"627","HG",37,42,47,6
"627","SB",76,78,80,6
"627","MKT",25,27,29,6
"627","HYW",34,37,39,6
"728","LW",42,43,44,6
"728","LMC",47,48,49,6
"728","MKT",53,55,56,6
"728","HYW",55,60,63,6
"835","LW",94,100,105,6
"835","LMC",100,106,112,6
"838","LW",75,76,77,6
"838","LMC",80,81,82,6
"838","HG",105,112,118,6
"838","MKT",95,96,97,6
"838","HYW",103,104,105,6
"971","SB",107,113,117,6
"284","LW",57,58,59,7
"284","LMC",62,63,64,7
"284","HG",92,95,98,7
"284","SB",96,98,100,7
"284","MKT",67,68,70,7
"284","HYW",76,78,79,7
"421","LW",83,88,93,7
"421","LMC",88,93,99,7
"421","HG",88,95,104,7
"421","SB",63,66,72,7
"421","MKT",85,89,95,7
"421","HYW",94,98,104,7
"622","LW",47,53,62,7
"622","LMC",52,58,67,7
"622","HG",68,75,86,7
"622","SB",102,108,,7
"622","MKT",51,57,64,7
"622","HYW",60,66,74,7
"627","LW",19,20,21,7
"627","LMC",24,25,26,7
"627","HG",38,42,47,7
"627","SB",76,78,81,7
"627","MKT",25,27,29,7
"627","HYW",34,37,39,7
"728","LW",42,43,45,7
"728","LMC",47,48,50,7
"728","MKT",53,54,57,7
"728","HYW",55,59,63,7
"835","LW",95,100,106,7
"835","LMC",101,107,112,7
"838","LW",75,76,77,7
"838","LMC",80,81,82,7
"838","HG",105,109,117,7
"838","MKT",94,96,97,7
"838","HYW",103,104,105,7
"971","SB",106,112,118,7
"284","LW",57,58,59,8
"284","LMC",62,63,64,8
"284","HG",91,94,97,8
"284","SB",96,98,99,8
"284","MKT",67,69,70,8
"284","HYW",76,78,79,8
"421","LW",83,87,92,8
"421","LMC",88,92,97,8
"421","HG",89,96,102,8
"421","SB",61,66,71,8
"421","MKT",85,88,94,8
"421","HYW",94,97,103,8
"622","LW",47,53,64,8
"622","LMC",52,58,69,8
"622","HG",68,76,87,8
"622","SB",103,109,,8
"622","MKT",50,56,66,8
"622","HYW",60,66,75,8
"627","LW",19,20,22,8
"627","LMC",24,25,27,8
"627","HG",39,44,48,8
"627","SB",76,78,81,8
"627","MKT",25,27,29,8
"627","HYW",35,37,39,8
"728","LW",42,43,44,8
"728","LMC",47,48,49,8
"728","MKT",53,54,56,8
"728","HYW",55,59,62,8
"835","LW",94,99,105,8
"835","LMC",99,104,111,8
"835","HG",119,,,8
"838","LW",75,76,77,8
"838","LMC",80,81,82,8
"838","HG",106,111,115,8
"838","MKT",94,96,97,8
"838","HYW",103,104,106,8
"971","SB",107,113,119,8
"284","LW",57,58,59,9
"284","LMC",62,63,64,9
"284","HG",91,95,98,9
"284","SB",96,98,101,9
"284","MKT",67,69,70,9
"284","HYW",77,78,79,9
"421","LW",84,89,94,9
"421","LMC",89,94,99,9
"421","HG",90,97,103,9
"421","SB",63,68,73,9
"421","MKT",86,90,95,9
"421","HYW",95,99,104,9
"622","LW",47,54,65,9
"622","LMC",52,59,70,9
"622","HG",68,77,87,9
"622","SB",102,110,,9
"622","MKT",51,57,67,9
"622","HYW",60,66,76,9
"627","LW",19,20,22,9
"627","LMC",24,25,27,9
"627","HG",38,43,48,9
"627","SB",75,77,80,9
"627","MKT",25,27,29,9
"627","HYW",34,37,39,9
"728","LW",42,43,45,9
"728","LMC",47,48,50,9
"728","MKT",53,55,56,9
"728","HYW",54,59,63,9
"835","LW",94,99,105,9
"835","LMC",99,105,111,9
"838","LW",75,76,77,9
"838","LMC",80,81,82,9
"838","HG",106,111,117,9
"838","MKT",95,96,97,9
"838","HYW",103,104,106,9
"971","SB",105,112,117,9
"284","LW",57,58,59,10
"284","LMC",62,63,64,10
"284","HG",92,95,98,10
"284","SB",96,98,100,10
"284","MKT",67,68,70,10
"284","HYW",76,78,79,10
"421","LW",84,88,94,10
"421","LMC",89,93,100,10
"421","HG",87,94,102,10
"421","SB",64,67,72,10
"421","MKT",86,90,95,10
"421","HYW",95,99,104,10
"622","LW",47,53,65,10
"622","LMC",52,58,70,10
"622","HG",66,75,86,10
"622","SB",102,109,,10
"622","MKT",50,56,68,10
"622","HYW",59,66,77,10
"627","LW",19,20,21,10
"627","LMC",24,25,26,10
"627","HG",39,44,49,10
"627","SB",76,78,80,10
"627","MKT",25,26,29,10
"627","HYW",34,36,39,10
"728","LW",42,43,45,10
"728","LMC",47,48,50,10
"728","MKT",53,55,57,10
"728","HYW",56,60,63,10
"835","LW",95,99,104,10
"835","LMC",101,106,110,10
"838","LW",75,76,77,10
"838","LMC",80,81,82,10
"838","HG",106,110,117,10
"838","MKT",94,95,97,10
"838","HYW",103,104,106,10
"971","SB",107,112,118,10
"284","LW",57,58,59,11
"284","LMC",62,63,64,11
"284","HG",91,95,98,11
"284","SB",96,98,100,11
"284","MKT",67,68,70,11
"284","HYW",76,78,79,11
"421","LW",84,87,92,11
"421","LMC",89,92,97,11
"421","HG",90,97,103,11
"421","SB",63,67,71,11
"421","MKT",86,89,93,11
"421","HYW",95,98,103,11
"622","LW",47,54,64,11
"622","LMC",52,59,69,11
"622","HG",68,78,88,11
"622","SB",103,109,,11
"622","MKT",50,56,67,11
"622","HYW",60,65,76,11
"627","LW",19,20,21,11
"627","LMC",24,25,26,11
"627","HG",40,44,49,11
"627","SB",76,78,80,11
"627","MKT",25,27,29,11
"627","HYW",34,37,39,11
"728","LW",42,43,44,11
"728","LMC",47,48,49,11
"728","MKT",53,55,57,11
"728","HYW",53,58,61,11
"835","LW",94,99,104,11
"835","LMC",99,106,111,11
"838","LW",75,76,78,11
"838","LMC",80,81,83,11
"838","HG",104,109,115,11
"838","MKT",95,96,97,11
"838","HYW",103,105,106,11
"971","SB",108,112,117,11
"284","LW",57,58,59,12
"284","LMC",62,63,64,12
"284","HG",90,94,97,12
"284","SB",96,98,100,12
"284","MKT",67,68,69,12
"284","HYW",76,77,79,12
"421","LW",84,88,94,12
"421","LMC",89,93,100,12
"421","HG",90,97,104,12
"421","SB",62,68,74,12
"421","MKT",86,90,96,12
"421","HYW",94,99,105,12
"622","LW",47,52,62,12
"622","LMC",52,57,67,12
"622","HG",67,75,86,12
"622","SB",102,108,119,12
"622","MKT",49,55,66,12
"622","HYW",59,65,75,12
"627","LW",19,20,22,12
"627","LMC",24,25,27,12
"627","HG",38,44,48,12
"627","SB",76,79,81,12
"627","MKT",25,27,29,12
"627","HYW",35,37,39,12
"728","LW",42,43,45,12
"728","LMC",47,48,50,12
"728","MKT",54,55,57,12
"728","HYW",55,59,63,12
"835","LW",94,98,104,12
"835","LMC",99,104,111,12
"838","LW",75,76,77,12
"838","LMC",80,81,82,12
"838","HG",104,111,117,12
"838","MKT",94,95,97,12
"838","HYW",103,104,106,12
"971","SB",107,112,117,12
"284","LW",57,58,59,13
"284","LMC",62,63,64,13
"284","HG",92,94,97,13
"284","SB",96,98,100,13
"284","MKT",67,68,70,13
"284","HYW",76,78,79,13
"421","LW",83,87,92,13
"421","LMC",88,92,97,13
"421","HG",88,95,102,13
"421","SB",62,66,72,13
"421","MKT",85,89,94,13
"421","HYW",94,98,103,13
"622","LW",47,57,66,13
"622","LMC",52,62,71,13
"622","HG",69,78,89,13
"622","SB",102,112,,13
"622","MKT",50,59,68,13
"622","HYW",60,69,77,13
"627","LW",19,20,21,13
"627","LMC",24,25,26,13
"627","HG",38,44,49,13
"627","SB",76,78,81,13
"627","MKT",25,26,29,13
"627","HYW",34,36,38,13
"728","LW",42,43,44,13
"728","LMC",47,48,49,13
"728","MKT",53,55,56,13
"728","HYW",54,60,63,13
"835","LW",93,100,105,13
"835","LMC",98,105,111,13
"838","LW",75,76,77,13
"838","LMC",80,81,82,13
"838","HG",106,111,116,13
"838","MKT",94,96,97,13
"838","HYW",103,104,106,13
"971","SB",108,113,118,13
"284","LW",57,58,59,14
"284","LMC",62,63,64,14
"284","HG",90,93,96,14
"284","SB",96,99,100,14
"284","MKT",67,68,70,14
"284","HYW",76,77,79,14
"421","LW",83,87,92,14
"421","LMC",88,92,97,14
"421","HG",88,95,101,14
"421","SB",61,67,71,14
"421","MKT",85,89,94,14
"421","HYW",94,98,102,14
"622","LW",47,53,65,14
"622","LMC",52,58,70,14
"622","HG",68,78,89,14
"622","SB",102,110,,14
"622","MKT",51,57,67,14
"622","HYW",61,67,77,14
"627","LW",19,20,21,14
"627","LMC",24,25,26,14
"627","HG",38,43,49,14
"627","SB",75,78,81,14
"627","MKT",25,27,29,14
"627","HYW",35,37,39,14
"728","LW",42,43,45,14
"728","LMC",47,48,50,14
"728","MKT",53,55,57,14
"728","HYW",56,60,63,14
"835","LW",96,101,104,14
"835","LMC",102,106,111,14
"838","LW",75,76,78,14
"838","LMC",80,81,83,14
"838","HG",105,110,116,14
"838","MKT",94,96,97,14
"838","HYW",103,104,105,14
"971","SB",107,113,118,14
"284","LW",57,58,59,15
"284","LMC",62,63,64,15
"284","HG",90,93,97,15
"284","SB",96,98,100,15
"284","MKT",67,68,70,15
"284","HYW",76,78,79,15
"421","LW",85,88,93,15
"421","LMC",90,93,98,15
"421","HG",88,96,104,15
"421","SB",63,67,72,15
"421","MKT",86,90,95,15
"421","HYW",95,99,104,15
"622","LW",48,55,65,15
"622","LMC",53,60,70,15
"622","HG",69,77,86,15
"622","SB",103,110,,15
"622","MKT",51,58,68,15
"622","HYW",60,67,77,15
"627","LW",19,20,21,15
"627","LMC",24,25,26,15
"627","HG",40,43,48,15
"627","SB",76,78,80,15
"627","MKT",25,27,29,15
"627","HYW",34,37,38,15
"728","LW",42,43,44,15
"728","LMC",47,48,49,15
"728","MKT",53,55,56,15
"728","HYW",55,59,63,15
"835","LW",94,98,106,15
"835","LMC",100,105,112,15
"838","LW",75,76,77,15
"838","LMC",80,81,82,15
"838","HG",104,111,117,15
"838","MKT",94,96,97,15
"838","HYW",103,104,105,15
"971","SB",106,112,118,15
"284","LW",57,58,59,16
"284","LMC",62,63,64,16
"284","HG",91,94,97,16
"284","SB",96,98,100,16
"284","MKT",67,68,70,16
"284","HYW",76,78,79,16
"421","LW",83,87,93,16
"421","LMC",88,92,98,16
"421","HG",87,95,101,16
"421","SB",62,66,72,16
"421","MKT",85,89,94,16
"421","HYW",94,98,103,16
"622","LW",47,55,64,16
"622","LMC",52,60,69,16
"622","HG",69,77,85,16
"622","SB",102,111,119,16
"622","MKT",50,57,66,16
"622","HYW",59,66,76,16
"627","LW",19,20,21,16
"627","LMC",24,25,26,16
"627","HG",39,44,49,16
"627","SB",76,79,81,16
"627","MKT",26,27,30,16
"627","HYW",35,37,39,16
"728","LW",42,43,45,16
"728","LMC",47,48,50,16
"728","MKT",53,55,57,16
"728","HYW",54,60,63,16
"835","LW",96,100,105,16
"835","LMC",101,105,111,16
"838","LW",75,76,78,16
"838","LMC",80,81,83,16
"838","HG",105,111,116,16
"838","MKT",95,96,97,16
"838","HYW",103,104,105,16
"971","SB",107,114,119,16
"284","LW",57,58,59,17
"284","LMC",62,63,64,17
"284","HG",92,95,97,17
"284","SB",96,98,100,17
"284","MKT",67,68,70,17
"284","HYW",76,78,79,17
"421","LW",83,87,92,17
"421","LMC",88,92,98,17
"421","HG",90,98,103,17
"421","SB",62,66,71,17
"421","MKT",85,89,94,17
"421","HYW",94,98,103,17
"622","LW",47,53,66,17
"622","LMC",52,58,71,17
"622","HG",68,77,88,17
"622","SB",102,109,,17
"622","MKT",49,56,69,17
"622","HYW",58,66,78,17
"627","LW",19,20,21,17
"627","LMC",24,25,26,17
"627","HG",38,41,46,17
"627","SB",75,78,81,17
"627","MKT",25,27,29,17
"627","HYW",35,37,39,17
"728","LW",42,43,45,17
"728","LMC",47,48,50,17
"728","MKT",53,55,57,17
"728","HYW",54,59,63,17
"835","LW",95,101,105,17
"835","LMC",101,106,111,17
"838","LW",75,76,77,17
"838","LMC",80,81,82,17
"838","HG",105,111,116,17
"838","MKT",95,96,97,17
"838","HYW",103,104,106,17
"971","SB",108,114,119,17
"284","LW",57,58,59,18
"284","LMC",62,63,64,18
"284","HG",91,95,98,18
"284","SB",96,98,100,18
"284","MKT",67,69,70,18
"284","HYW",76,78,79,18
"421","LW",83,87,92,18
"421","LMC",88,92,97,18
"421","HG",89,96,102,18
"421","SB",61,67,71,18
"421","MKT",85,89,94,18
"421","HYW",94,98,103,18
"622","LW",48,53,66,18
"622","LMC",53,58,71,18
"622","HG",70,77,87,18
"622","SB",103,111,,18
"622","MKT",51,56,69,18
"622","HYW",61,66,78,18
"627","LW",19,20,21,18
"627","LMC",24,25,26,18
"627","HG",38,43,49,18
"627","SB",75,78,80,18
"627","MKT",25,27,29,18
"627","HYW",34,36,39,18
"728","LW",42,43,45,18
"728","LMC",47,48,50,18
"728","MKT",53,55,58,18
"728","HYW",54,59,63,18
"835","LW",94,101,105,18
"835","LMC",100,106,111,18
"838","LW",75,76,77,18
"838","LMC",80,81,82,18
"838","HG",105,110,116,18
"838","MKT",94,96,97,18
"838","HYW",103,104,106,18
"971","SB",106,112,117,18
"284","LW",57,58,59,19
"284","LMC",62,63,64,19
"284","HG",92,95,98,19
"284","SB",96,98,100,19
"284","MKT",67,69,70,19
"284","HYW",77,78,79,19
"421","LW",83,87,91,19
"421","LMC",88,92,96,19
"421","HG",89,96,103,19
"421","SB",63,67,72,19
"421","MKT",85,88,93,19
"421","HYW",95,98,102,19
"622","LW",48,55,66,19
"622","LMC",53,60,71,19
"622","HG",69,77,87,19
"622","SB",102,111,,19
"622","MKT",50,57,68,19
"622","HYW",60,67,77,19
"627","LW",19,20,21,19
"627","LMC",24,25,26,19
"627","HG",38,43,48,19
"627","SB",75,78,81,19
"627","MKT",25,27,29,19
"627","HYW",35,37,39,19
"728","LW",42,43,45,19
"728","LMC",47,48,50,19
"728","MKT",53,55,57,19
"728","HYW",55,59,63,19
"835","LW",95,100,105,19
"835","LMC",101,106,112,19
"838","LW",75,76,77,19
"838","LMC",80,81,82,19
"838","HG",105,111,116,19
"838","MKT",95,96,97,19
"838","HYW",103,104,106,19
"971","SB",107,113,118,19
"284","LW",57,58,59,20
"284","LMC",62,63,64,20
"284","HG",91,95,98,20
"284","SB",96,98,100,20
"284","MKT",67,68,70,20
"284","HYW",76,77,79,20
"421","LW",83,87,94,20
"421","LMC",88,92,99,20
"421","HG",87,94,104,20
"421","SB",63,67,72,20
"421","MKT",85,89,95,20
"421","HYW",94,98,104,20
"622","LW",46,52,62,20
"622","LMC",51,57,67,20
"622","HG",67,74,87,20
"622","SB",101,107,119,20
"622","MKT",50,55,66,20
"622","HYW",59,65,75,20
"627","LW",19,20,21,20
"627","LMC",24,25,26,20
"627","HG",39,43,48,20
"627","SB",75,78,81,20
"627","MKT",26,27,29,20
"627","HYW",35,37,39,20
"728","LW",42,43,45,20
"728","LMC",47,48,50,20
"728","MKT",53,55,57,20
"728","HYW",55,60,63,20
"835","LW",94,100,105,20
"835","LMC",100,105,112,20
"838","LW",75,76,77,20
"838","LMC",80,81,82,20
"838","HG",105,111,117,20
"838","MKT",95,96,97,20
"838","HYW",103,105,106,20
"971","SB",107,113,117,20
"284","LW",57,58,59,21
"284","LMC",62,63,64,21
"284","HG",91,94,97,21
"284","SB",96,98,100,21
"284","MKT",67,69,70,21
"284","HYW",77,78,79,21
"421","LW",83,87,93,21
"421","LMC",88,92,99,21
"421","HG",90,95,100,21
"421","SB",62,66,72,21
"421","MKT",85,89,94,21
"421","HYW",94,98,103,21
"622","LW",46,52,62,21
"622","LMC",51,57,67,21
"622","HG",66,76,85,21
"622","SB",102,109,118,21
"622","MKT",49,55,64,21
"622","HYW",59,64,74,21
"627","LW",19,20,21,21
"627","LMC",24,25,26,21
"627","HG",39,43,48,21
"627","SB",76,78,81,21
"627","MKT",25,27,29,21
"627","HYW",35,37,39,21
"728","LW",42,43,45,21
"728","LMC",47,48,50,21
"728","MKT",53,55,56,21
"728","HYW",55,59,63,21
"835","LW",96,101,105,21
"835","LMC",101,107,111,21
"838","LW",75,76,77,21
"838","LMC",80,81,82,21
"838","HG",105,110,116,21
"838","MKT",94,95,97,21
"838","HYW",103,104,105,21
"971","SB",108,113,118,21
"284","LW",57,58,59,22
"284","LMC",62,63,64,22
"284","HG",90,94,98,22
"284","SB",96,98,100,22
"284","MKT",67,69,70,22
"284","HYW",77,78,80,22
"421","LW",83,88,92,22
"421","LMC",88,93,98,22
"421","HG",90,97,104,22
"421","SB",62,66,72,22
"421","MKT",85,89,94,22
"421","HYW",95,98,103,22
"622","LW",46,53,64,22
"622","LMC",51,58,69,22
"622","HG",68,77,86,22
"622","SB",102,108,119,22
"622","MKT",50,57,67,22
"622","HYW",59,66,76,22
"627","LW",19,20,21,22
"627","LMC",24,25,26,22
"627","HG",38,45,49,22
"627","SB",77,78,81,22
"627","MKT",25,27,29,22
"627","HYW",35,37,38,22
"728","LW",42,43,45,22
"728","LMC",47,48,50,22
"728","MKT",53,55,57,22
"728","HYW",54,60,63,22
"835","LW",94,99,104,22
"835","LMC",99,104,112,22
"838","LW",75,76,78,22
"838","LMC",80,81,83,22
"838","HG",107,112,118,22
"838","MKT",94,96,97,22
"838","HYW",103,104,106,22
"971","SB",106,112,117,22
"284","LW",57,58,59,23
"284","LMC",62,63,64,23
"284","HG",90,94,97,23
"284","SB",96,98,100,23
"284","MKT",68,69,70,23
"284","HYW",77,78,79,23
"421","LW",83,87,92,23
"421","LMC",88,92,97,23
"421","HG",91,96,103,23
"421","SB",62,65,70,23
"421","MKT",85,88,94,23
"421","HYW",94,98,103,23
"622","LW",47,52,64,23
"622","LMC",52,57,69,23
"622","HG",70,76,85,23
"622","SB",101,108,118,23
"622","MKT",49,55,67,23
"622","HYW",58,64,76,23
"627","LW",19,20,21,23
"627","LMC",24,25,26,23
"627","HG",39,43,48,23
"627","SB",75,78,80,23
"627","MKT",25,27,29,23
"627","HYW",35,37,39,23
"728","LW",42,43,44,23
"728","LMC",47,48,49,23
"728","MKT",53,55,57,23
"728","HYW",55,60,64,23
"835","LW",95,100,105,23
"835","LMC",100,106,112,23
"838","LW",75,76,78,23
"838","LMC",80,81,83,23
"838","HG",105,109,116,23
"838","MKT",94,96,97,23
"838","HYW",103,104,106,23
"971","SB",106,113,119,23
"284","LW",57,58,59,24
"284","LMC",62,63,64,24
"284","HG",90,94,96,24
"284","SB",96,98,100,24
"284","MKT",67,68,70,24
"284","HYW",77,78,79,24
"421","LW",83,86,92,24
"421","LMC",88,91,97,24
"421","HG",89,97,103,24
"421","SB",61,66,70,24
"421","MKT",85,88,94,24
"421","HYW",94,97,103,24
"622","LW",46,53,65,24
"622","LMC",51,58,70,24
"622","HG",66,74,87,24
"622","SB",102,109,,24
"622","MKT",49,57,68,24
"622","HYW",59,66,77,24
"627","LW",19,20,21,24
"627","LMC",24,25,26,24
"627","HG",37,43,48,24
"627","SB",76,79,81,24
"627","MKT",25,27,29,24
"627","HYW",35,37,39,24
"728","LW",42,43,45,24
"728","LMC",47,48,50,24
"728","MKT",53,55,57,24
"728","HYW",55,59,63,24
"835","LW",95,100,106,24
"835","LMC",101,107,112,24
"838","LW",75,76,77,24
"838","LMC",80,81,82,24
"838","HG",105,109,114,24
"838","MKT",95,96,97,24
"838","HYW",103,104,106,24
"971","SB",107,112,117,24
"284","LW",57,58,59,25
"284","LMC",62,63,64,25
"284","HG",89,93,97,25
"284","SB",96,98,99,25
"284","MKT",67,68,70,25
"284","HYW",76,78,79,25
"421","LW",84,88,92,25
"421","LMC",89,93,97,25
"421","HG",89,96,103,25
"421","SB",62,67,72,25
"421","MKT",85,90,94,25
"421","HYW",94,99,103,25
"622","LW",47,53,63,25
"622","LMC",52,58,68,25
"622","HG",67,74,88,25
"622","SB",103,108,,25
"622","MKT",49,56,66,25
"622","HYW",60,65,76,25
"627","LW",19,20,21,25
"627","LMC",24,25,26,25
"627","HG",37,43,50,25
"627","SB",76,78,80,25
"627","MKT",25,27,28,25
"627","HYW",35,37,38,25
"728","LW",42,43,45,25
"728","LMC",47,48,50,25
"728","MKT",53,55,57,25
"728","HYW",55,59,63,25
"835","LW",94,100,104,25
"835","LMC",100,105,111,25
"838","LW",75,76,77,25
"838","LMC",80,81,82,25
"838","HG",104,110,115,25
"838","MKT",95,96,97,25
"838","HYW",103,104,105,25
"971","SB",106,113,118,25
"284","LW",57,58,59,26
"284","LMC",62,63,64,26
"284","HG",91,94,97,26
"284","SB",96,98,100,26
"284","MKT",67,69,70,26
"284","HYW",76,78,79,26
"421","LW",83,87,92,26
"421","LMC",88,92,97,26
"421","HG",91,96,101,26
"421","SB",63,66,72,26
"421","MKT",85,89,94,26
"421","HYW",94,98,103,26
"622","LW",48,55,68,26
"622","LMC",53,60,73,26
"622","HG",69,76,90,26
"622","SB",103,111,,26
"622","MKT",50,58,70,26
"622","HYW",61,68,79,26
"627","LW",19,20,21,26
"627","LMC",24,25,26,26
"627","HG",38,43,48,26
"627","SB",76,78,81,26
"627","MKT",25,27,29,26
"627","HYW",34,37,39,26
"728","LW",42,43,44,26
"728","LMC",47,48,49,26
"728","MKT",53,54,57,26
"728","HYW",55,59,62,26
"835","LW",95,101,106,26
"835","LMC",101,106,112,26
"838","LW",75,76,78,26
"838","LMC",80,81,83,26
"838","HG",105,110,115,26
"838","MKT",94,96,97,26
"838","HYW",103,104,105,26
"971","SB",105,112,118,26
"284","LW",57,58,59,27
"284","LMC",62,63,64,27
"284","HG",91,94,98,27
"284","SB",96,98,100,27
"284","MKT",67,68,70,27
"284","HYW",76,78,79,27
"421","LW",83,87,92,27
"421","LMC",88,92,98,27
"421","HG",87,96,103,27
"421","SB",62,66,71,27
"421","MKT",85,89,94,27
"421","HYW",94,98,103,27
"622","LW",47,55,65,27
"622","LMC",52,60,70,27
"622","HG",70,77,86,27
"622","SB",103,110,,27
"622","MKT",50,58,67,27
"622","HYW",61,68,76,27
"627","LW",19,21,22,27
"627","LMC",24,26,27,27
"627","HG",41,44,49,27
"627","SB",76,78,81,27
"627","MKT",25,27,29,27
"627","HYW",34,37,39,27
"728","LW",42,43,44,27
"728","LMC",47,48,49,27
"728","MKT",53,55,57,27
"728","HYW",54,58,62,27
"835","LW",96,100,105,27
"835","LMC",102,106,111,27
"838","LW",75,76,77,27
"838","LMC",80,81,82,27
"838","HG",105,111,116,27
"838","MKT",94,95,97,27
"838","HYW",103,104,106,27
"971","SB",106,112,118,27
"284","LW",57,58,59,28
"284","LMC",62,63,64,28
"284","HG",91,94,97,28
"284","SB",96,98,100,28
"284","MKT",67,68,70,28
"284","HYW",76,78,79,28
"421","LW",84,88,93,28
"421","LMC",89,93,99,28
"421","HG",89,97,104,28
"421","SB",62,66,73,28
"421","MKT",86,90,95,28
"421","HYW",95,99,104,28
"622","LW",47,54,66,28
"622","LMC",52,59,71,28
"622","HG",68,75,86,28
"622","SB",101,110,,28
"622","MKT",50,57,69,28
"622","HYW",60,67,78,28
"627","LW",19,20,22,28
"627","LMC",24,25,27,28
"627","HG",38,44,48,28
"627","SB",76,79,82,28
"627","MKT",25,27,29,28
"627","HYW",35,37,38,28
"728","LW",42,43,45,28
"728","LMC",47,48,50,28
"728","MKT",53,55,57,28
"728","HYW",55,60,64,28
"835","LW",94,99,105,28
"835","LMC",100,104,111,28
"835","HG",119,,,28
"838","LW",75,76,77,28
"838","LMC",80,81,82,28
"838","HG",105,110,117,28
"838","MKT",95,96,97,28
"838","HYW",103,104,105,28
"971","SB",106,112,119,28
"284","LW",57,58,59,29
"284","LMC",62,63,64,29
"284","HG",92,95,98,29
"284","SB",96,98,100,29
"284","MKT",67,68,70,29
"284","HYW",76,78,79,29
"421","LW",83,87,92,29
"421","LMC",88,92,98,29
"421","HG",87,96,102,29
"421","SB",63,66,71,29
"421","MKT",85,89,93,29
"421","HYW",94,98,102,29
"622","LW",46,52,64,29
"622","LMC",51,57,69,29
"622","HG",67,75,86,29
"622","SB",101,107,119,29
"622","MKT",50,53,66,29
"622","HYW",60,64,76,29
"627","LW",19,20,21,29
"627","LMC",24,25,26,29
"627","HG",40,44,49,29
"627","SB",76,78,81,29
"627","MKT",25,27,28,29
"627","HYW",35,36,38,29
"728","LW",42,43,44,29
"728","LMC",47,48,49,29
"728","MKT",53,55,56,29
"728","HYW",54,59,63,29
"835","LW",96,101,105,29
"835","LMC",102,106,112,29
"838","LW",75,76,77,29
"838","LMC",80,81,82,29
"838","HG",106,113,117,29
"838","MKT",94,96,96,29
"838","HYW",103,104,105,29
"971","SB",108,113,118,29
"284","LW",57,58,59,30
"284","LMC",62,63,64,30
"284","HG",91,95,98,30
"284","SB",96,98,100,30
"284","MKT",67,68,70,30
"284","HYW",76,78,79,30
"421","LW",83,86,91,30
"421","LMC",88,91,96,30
"421","HG",86,94,101,30
"421","SB",61,65,70,30
"421","MKT",84,88,92,30
"421","HYW",94,97,101,30
"622","LW",48,54,63,30
"622","LMC",53,59,68,30
"622","HG",68,75,87,30
"622","SB",104,110,119,30
"622","MKT",51,57,65,30
"622","HYW",61,67,74,30
"627","LW",19,20,22,30
"627","LMC",24,25,27,30
"627","HG",37,44,48,30
"627","SB",76,78,81,30
"627","MKT",24,27,29,30
"627","HYW",35,37,39,30
"728","LW",42,43,44,30
"728","LMC",47,48,49,30
"728","MKT",53,55,57,30
"728","HYW",55,60,63,30
"835","LW",94,99,105,30
"835","LMC",100,105,111,30
"838","LW",75,76,77,30
"838","LMC",80,81,82,30
"838","HG",105,110,116,30
"838","MKT",95,96,97,30
"838","HYW",103,104,105,30
"971","SB",107,113,119,30
