"stpug_id","stpug_name_en","is_composite","group_size","tpu_id"
"111","111",FALSE,1,"111"
"112","112",FALSE,1,"112"
"113","113",FALSE,1,"113"
"114","114",FALSE,1,"114"
"115","115",FALSE,1,"115"
"116","116",FALSE,1,"116"
"121S","121 and 123 - 124",TRUE,3,"121"
"121S","121 and 123 - 124",TRUE,3,"123"
"121S","121 and 123 - 124",TRUE,3,"124"
"122","122",FALSE,1,"122"
"131","131",FALSE,1,"131"
"132","132",FALSE,1,"132"
"133","133",FALSE,1,"133"
"134S","134-135",TRUE,2,"134"
"134S","134-135",TRUE,2,"135"
"140","140",FALSE,1,"140"
"141","141",FALSE,1,"141"
"142","142",FALSE,1,"142"
"143","143",FALSE,1,"143"
"144","144",FALSE,1,"144"
"145","145",FALSE,1,"145"
"146S","146 - 147",TRUE,2,"146"
"146S","146 - 147",TRUE,2,"147"
"148","148",FALSE,1,"148"
"149","149",FALSE,1,"149"
"151","151",FALSE,1,"151"
"152","152",FALSE,1,"152"
"153","153",FALSE,1,"153"
"154","154",FALSE,1,"154"
"155","155",FALSE,1,"155"
"156S","156 and 158",TRUE,2,"156"
"156S","156 and 158",TRUE,2,"158"
"157","157",FALSE,1,"157"
"161","161",FALSE,1,"161"
"162","162",FALSE,1,"162"
"163","163",FALSE,1,"163"
"164S","164 - 165",TRUE,2,"164"
"164S","164 - 165",TRUE,2,"165"
"166","166",FALSE,1,"166"
"167","167",FALSE,1,"167"
"171","171",FALSE,1,"171"
"172","172",FALSE,1,"172"
"173","173",FALSE,1,"173"
"174","174",FALSE,1,"174"
"175S","175 - 176",TRUE,2,"175"
"175S","175 - 176",TRUE,2,"176"
"181S","181 - 182",TRUE,2,"181"
"181S","181 - 182",TRUE,2,"182"
"183S","183 - 184",TRUE,2,"183"
"183S","183 - 184",TRUE,2,"184"
"190S","190, 192 and 194",TRUE,3,"190"
"190S","190, 192 and 194",TRUE,3,"192"
"190S","190, 192 and 194",TRUE,3,"194"
"191","191",FALSE,1,"191"
"193S","193, 195 and 198",TRUE,3,"193"
"193S","193, 195 and 198",TRUE,3,"195"
"193S","193, 195 and 198",TRUE,3,"198"
"196","196",FALSE,1,"196"
"197","197",FALSE,1,"197"
"211","211",FALSE,1,"211"
"212","212",FALSE,1,"212"
"213S","213 and 215 - 216",TRUE,3,"213"
"213S","213 and 215 - 216",TRUE,3,"215"
"213S","213 and 215 - 216",TRUE,3,"216"
"214","214",FALSE,1,"214"
"217","217",FALSE,1,"217"
"220S","220 and 226",TRUE,2,"220"
"220S","220 and 226",TRUE,2,"226"
"221","221",FALSE,1,"221"
"222","222",FALSE,1,"222"
"225","225",FALSE,1,"225"
"227","227",FALSE,1,"227"
"228","228",FALSE,1,"228"
"229","229",FALSE,1,"229"
"231","231",FALSE,1,"231"
"232","232",FALSE,1,"232"
"233","233",FALSE,1,"233"
"234","234",FALSE,1,"234"
"235","235",FALSE,1,"235"
"236","236",FALSE,1,"236"
"237","237",FALSE,1,"237"
"241","241",FALSE,1,"241"
"242","242",FALSE,1,"242"
"243","243",FALSE,1,"243"
"244","244",FALSE,1,"244"
"245","245",FALSE,1,"245"
"246","246",FALSE,1,"246"
"247","247",FALSE,1,"247"
"251S","251 and 256",TRUE,2,"251"
"251S","251 and 256",TRUE,2,"256"
"252","252",FALSE,1,"252"
"253","253",FALSE,1,"253"
"254","254",FALSE,1,"254"
"255","255",FALSE,1,"255"
"260","260",FALSE,1,"260"
"261","261",FALSE,1,"261"
"262","262",FALSE,1,"262"
"263","263",FALSE,1,"263"
"264","264",FALSE,1,"264"
"265","265",FALSE,1,"265"
"266","266",FALSE,1,"266"
"267","267",FALSE,1,"267"
"268","268",FALSE,1,"268"
"269","269",FALSE,1,"269"
"271","271",FALSE,1,"271"
"272","272",FALSE,1,"272"
"280","280",FALSE,1,"280"
"281","281",FALSE,1,"281"
"282","282",FALSE,1,"282"
"283","283",FALSE,1,"283"
"284","284",FALSE,1,"284"
"285","285",FALSE,1,"285"
"286","286",FALSE,1,"286"
"287","287",FALSE,1,"287"
"288S","288 - 289",TRUE,2,"288"
"288S","288 - 289",TRUE,2,"289"
"290","290",FALSE,1,"290"
"291","291",FALSE,1,"291"
"292","292",FALSE,1,"292"
"293S","293 and 296",TRUE,2,"293"
"293S","293 and 296",TRUE,2,"296"
"294","294",FALSE,1,"294"
"295","295",FALSE,1,"295"
"297","297",FALSE,1,"297"
"298","298",FALSE,1,"298"
"310S","310 and 321",TRUE,2,"310"
"310S","310 and 321",TRUE,2,"321"
"320S","320, 324 and 329",TRUE,3,"320"
"320S","320, 324 and 329",TRUE,3,"324"
"320S","320, 324 and 329",TRUE,3,"329"
"322","322",FALSE,1,"322"
"323","323",FALSE,1,"323"
"325","325",FALSE,1,"325"
"326","326",FALSE,1,"326"
"327","327",FALSE,1,"327"
"328","328",FALSE,1,"328"
"331S","331 - 334, 336 and 340",TRUE,6,"331"
"331S","331 - 334, 336 and 340",TRUE,6,"332"
"331S","331 - 334, 336 and 340",TRUE,6,"333"
"331S","331 - 334, 336 and 340",TRUE,6,"334"
"331S","331 - 334, 336 and 340",TRUE,6,"336"
"331S","331 - 334, 336 and 340",TRUE,6,"340"
"335","335",FALSE,1,"335"
"350","350",FALSE,1,"350"
"351","351",FALSE,1,"351"
"411S","411 - 416 and 427",TRUE,7,"411"
"411S","411 - 416 and 427",TRUE,7,"412"
"411S","411 - 416 and 427",TRUE,7,"413"
"411S","411 - 416 and 427",TRUE,7,"414"
"411S","411 - 416 and 427",TRUE,7,"415"
"411S","411 - 416 and 427",TRUE,7,"416"
"411S","411 - 416 and 427",TRUE,7,"427"
"421S","421 - 422",TRUE,2,"421"
"421S","421 - 422",TRUE,2,"422"
"423S","423 and 428",TRUE,2,"423"
"423S","423 and 428",TRUE,2,"428"
"424","424",FALSE,1,"424"
"425","425",FALSE,1,"425"
"426","426",FALSE,1,"426"
"431S","431 - 434",TRUE,4,"431"
"431S","431 - 434",TRUE,4,"432"
"431S","431 - 434",TRUE,4,"433"
"431S","431 - 434",TRUE,4,"434"
"441","441",FALSE,1,"441"
"442","442",FALSE,1,"442"
"510","510",FALSE,1,"510"
"511","511",FALSE,1,"511"
"512","512",FALSE,1,"512"
"513","513",FALSE,1,"513"
"514","514",FALSE,1,"514"
"515","515",FALSE,1,"515"
"516","516",FALSE,1,"516"
"517","517",FALSE,1,"517"
"518","518",FALSE,1,"518"
"519","519",FALSE,1,"519"
"521","521",FALSE,1,"521"
"522","522",FALSE,1,"522"
"523","523",FALSE,1,"523"
"524","524",FALSE,1,"524"
"525","525",FALSE,1,"525"
"526","526",FALSE,1,"526"
"527","527",FALSE,1,"527"
"528","528",FALSE,1,"528"
"529","529",FALSE,1,"529"
"531","531",FALSE,1,"531"
"532","532",FALSE,1,"532"
"533","533",FALSE,1,"533"
"541","541",FALSE,1,"541"
"542","542",FALSE,1,"542"
"543S","543 and 546",TRUE,2,"543"
"543S","543 and 546",TRUE,2,"546"
"544","544",FALSE,1,"544"
"545","545",FALSE,1,"545"
"547","547",FALSE,1,"547"
"548S","548 - 549",TRUE,2,"548"
"548S","548 - 549",TRUE,2,"549"
"610S","610, 621 and 632",TRUE,3,"610"
"610S","610, 621 and 632",TRUE,3,"621"
"610S","610, 621 and 632",TRUE,3,"632"
"620S","620, 622 and 641",TRUE,3,"620"
"620S","620, 622 and 641",TRUE,3,"622"
"620S","620, 622 and 641",TRUE,3,"641"
"623","623",FALSE,1,"623"
"624S","624 and 629",TRUE,2,"624"
"624S","624 and 629",TRUE,2,"629"
"625","625",FALSE,1,"625"
"626","626",FALSE,1,"626"
"627","627",FALSE,1,"627"
"628","628",FALSE,1,"628"
"631S","631 and 633",TRUE,2,"631"
"631S","631 and 633",TRUE,2,"633"
"634","634",FALSE,1,"634"
"642","642",FALSE,1,"642"
"651S","651 - 653",TRUE,3,"651"
"651S","651 - 653",TRUE,3,"652"
"651S","651 - 653",TRUE,3,"653"
"711S","711 - 712, 721 and 728",TRUE,4,"711"
"711S","711 - 712, 721 and 728",TRUE,4,"712"
"711S","711 - 712, 721 and 728",TRUE,4,"721"
"711S","711 - 712, 721 and 728",TRUE,4,"728"
"720","720",FALSE,1,"720"
"722S","722 and 727",TRUE,2,"722"
"722S","722 and 727",TRUE,2,"727"
"723","723",FALSE,1,"723"
"724","724",FALSE,1,"724"
"725","725",FALSE,1,"725"
"726","726",FALSE,1,"726"
"729","729",FALSE,1,"729"
"731S","731, 733 and 754",TRUE,3,"731"
"731S","731, 733 and 754",TRUE,3,"733"
"731S","731, 733 and 754",TRUE,3,"754"
"732S","732, 751 and 753",TRUE,3,"732"
"732S","732, 751 and 753",TRUE,3,"751"
"732S","732, 751 and 753",TRUE,3,"753"
"741S","741 - 744",TRUE,4,"741"
"741S","741 - 744",TRUE,4,"742"
"741S","741 - 744",TRUE,4,"743"
"741S","741 - 744",TRUE,4,"744"
"755","755",FALSE,1,"755"
"756S","756 and 761 - 762",TRUE,3,"756"
"756S","756 and 761 - 762",TRUE,3,"761"
"756S","756 and 761 - 762",TRUE,3,"762"
"757","757",FALSE,1,"757"
"758","758",FALSE,1,"758"
"759","759",FALSE,1,"759"
"811S","811 - 815",TRUE,5,"811"
"811S","811 - 815",TRUE,5,"812"
"811S","811 - 815",TRUE,5,"813"
"811S","811 - 815",TRUE,5,"814"
"811S","811 - 815",TRUE,5,"815"
"820","820",FALSE,1,"820"
"821","821",FALSE,1,"821"
"822","822",FALSE,1,"822"
"823","823",FALSE,1,"823"
"824S","824 and 829",TRUE,2,"824"
"824S","824 and 829",TRUE,2,"829"
"825","825",FALSE,1,"825"
"826S","826 and 828",TRUE,2,"826"
"826S","826 and 828",TRUE,2,"828"
"827","827",FALSE,1,"827"
"831","831",FALSE,1,"831"
"832S","832 and 834",TRUE,2,"832"
"832S","832 and 834",TRUE,2,"834"
"833","833",FALSE,1,"833"
"835","835",FALSE,1,"835"
"836","836",FALSE,1,"836"
"837","837",FALSE,1,"837"
"838","838",FALSE,1,"838"
"839","839",FALSE,1,"839"
"911S","911 - 913",TRUE,3,"911"
"911S","911 - 913",TRUE,3,"912"
"911S","911 - 913",TRUE,3,"913"
"920","920",FALSE,1,"920"
"931S","931 and 933",TRUE,2,"931"
"931S","931 and 933",TRUE,2,"933"
"932S","932, 934 and 941 - 943",TRUE,5,"932"
"932S","932, 934 and 941 - 943",TRUE,5,"934"
"932S","932, 934 and 941 - 943",TRUE,5,"941"
"932S","932, 934 and 941 - 943",TRUE,5,"942"
"932S","932, 934 and 941 - 943",TRUE,5,"943"
"944","944",FALSE,1,"944"
"950S","950 - 951",TRUE,2,"950"
"950S","950 - 951",TRUE,2,"951"
"961S","961 - 963",TRUE,3,"961"
"961S","961 - 963",TRUE,3,"962"
"961S","961 - 963",TRUE,3,"963"
"971S","971 - 974",TRUE,4,"971"
"971S","971 - 974",TRUE,4,"972"
"971S","971 - 974",TRUE,4,"973"
"971S","971 - 974",TRUE,4,"974"
"975","975",FALSE,1,"975"
"976","976",FALSE,1,"976"
