stpug_id,stpug_name_en,is_composite,group_size,stpug_name_zh,population,median_hh_income,median_emp_income,area_km2,pop_density_km2,min_tt,nearest_bcp,bcps_within_45,bcps_within_60,bcps_within_75,bcps_within_90
111,111,False,1,111,60366.0,40480.0,23750.0,1.7342700977324585,34807.7269388015,86.0,LW,0,0,0,1
112,112,False,1,112,50278.0,34140.0,22000.0,0.6188651888040928,81242.2493777008,76.0,LW,0,0,0,4
113,113,False,1,113,22945.0,40540.0,30000.0,0.37569261306234264,61073.86518188606,72.0,LW,0,0,1,4
114,114,False,1,114,7871.0,42330.0,30000.0,0.21621443207625113,36403.675390291144,70.0,LW,0,0,2,5
115,115,False,1,115,1908.0,21430.0,18000.0,0.12700242227401584,15023.335506809217,70.0,LW,0,0,2,5
116,116,False,1,116,12924.0,30290.0,20000.0,0.12195429511784914,105974.12733607324,77.0,LW,0,0,0,3
121S,121 and 123 - 124,True,3,121 及 123 - 124,1153.0,50000.0,30170.0,1.5134586929986313,761.8311654846352,66.0,LW,0,0,2,6
122,122,False,1,122,5161.0,43040.0,32820.0,0.12245688304617815,42145.44639400794,70.0,LW,0,0,2,5
131,131,False,1,131,26192.0,40000.0,28000.0,0.4112256797923902,63692.520401992384,66.0,LW,0,0,2,5
132,132,False,1,132,15928.0,34400.0,24000.0,0.326557639967797,48775.462737820846,67.0,LW,0,0,2,5
133,133,False,1,133,10383.0,26300.0,20000.0,0.15452067349325307,67194.89221261619,67.0,LW,0,0,2,5
134S,134-135,True,2,134-135,1518.0,40100.0,41500.0,0.47609068039066904,3188.46821104409,55.0,LW,0,2,3,6
140,140,False,1,140,7681.0,93800.0,50000.0,0.6334650641285874,12125.372707911214,81.0,LW,0,0,0,2
141,141,False,1,141,20331.0,84320.0,45000.0,1.2034519533294676,16893.90253075937,87.0,LW,0,0,0,1
142,142,False,1,142,38287.0,95060.0,60000.0,0.5880171539316289,65112.046041520385,71.0,LW,0,0,1,3
143,143,False,1,143,11103.0,125000.0,70830.0,0.5169293628691958,21478.756668751106,75.0,LW,0,0,1,3
144,144,False,1,144,32202.0,67920.0,50000.0,1.3682835293958646,23534.59594315082,76.0,LW,0,0,0,3
145,145,False,1,145,11832.0,70000.0,50000.0,0.618638977878008,19125.85598887563,82.0,LW,0,0,0,2
146S,146 - 147,True,2,146 - 147,16900.0,33400.0,23690.0,0.6511327276555756,25954.76971469242,71.0,LW,0,0,1,4
148,148,False,1,148,9257.0,20380.0,19000.0,0.30251652516528615,30599.98125703132,78.0,LW,0,0,0,3
149,149,False,1,149,7949.0,135500.0,60000.0,0.6090650791885401,13051.150479010363,79.0,LW,0,0,0,2
151,151,False,1,151,45562.0,46770.0,30000.0,0.44987021189619797,101278.09931659327,73.0,LW,0,0,1,3
152,152,False,1,152,19356.0,88340.0,53000.0,0.7966948193171036,24295.37575830005,82.0,LW,0,0,0,2
153,153,False,1,153,70027.0,32440.0,22000.0,0.5973766719765697,117224.1958633875,76.0,LW,0,0,0,3
154,154,False,1,154,11131.0,28060.0,18500.0,0.4024316325086253,27659.356523772844,85.0,LW,0,0,0,2
155,155,False,1,155,18755.0,31650.0,20000.0,0.4182887749487143,44837.44514133692,75.0,LW,0,0,1,3
157,157,False,1,157,50689.0,51580.0,35000.0,0.6077862756839716,83399.38236176391,76.0,LW,0,0,0,3
161,161,False,1,161,82183.0,27540.0,20000.0,1.2336213749860547,66619.30610672908,82.0,LW,0,0,0,2
162,162,False,1,162,18774.0,53070.0,30180.0,0.8580411720661204,21880.068942138456,100.0,LW,0,0,0,0
163,163,False,1,163,40894.0,30400.0,19000.0,0.842015561126749,48566.79839179861,93.0,LW,0,0,0,0
164S,164 - 165,True,2,164 - 165,54572.0,21340.0,15300.0,2.2656088811790496,24087.12309231419,96.0,LW,0,0,0,0
166,166,False,1,166,36634.0,25760.0,16500.0,0.7914997328140847,46284.285996853214,89.0,LW,0,0,0,1
171,171,False,1,171,20217.0,110650.0,50000.0,2.501470108088615,8082.0474066939405,89.0,LW,0,0,0,1
172,172,False,1,172,54741.0,25080.0,17000.0,1.6452731954946973,33271.67801061792,85.0,LW,0,0,0,2
173,173,False,1,173,58601.0,25280.0,17000.0,1.801662045037345,32526.077885370178,98.0,LW,0,0,0,0
174,174,False,1,174,79727.0,33270.0,20000.0,1.401496106076162,56887.06494034838,82.0,LW,0,0,0,2
175S,175 - 176,True,2,175 - 176,11674.0,34640.0,20000.0,3.8182720878307523,3057.4039071773605,77.0,LW,0,0,0,3
181S,181 - 182,True,2,181 - 182,3626.0,163770.0,80000.0,5.5265474019414045,656.1058353948495,92.0,LW,0,0,0,0
191,191,False,1,191,4162.0,145220.0,50000.0,2.1573225075476086,1929.2433029548556,86.0,LW,0,0,0,1
193S,"193, 195 and 198",True,3,"193, 195 及 198",14912.0,43100.0,20000.0,4.047970145398252,3683.821635135333,107.0,LW,0,0,0,0
211,211,False,1,211,13664.0,24040.0,20000.0,0.5765040459637304,23701.48153454528,68.0,LW,0,0,3,6
212,212,False,1,212,14551.0,28000.0,20000.0,0.47580601022300123,30581.791081580122,65.0,LW,0,0,3,6
213S,213 and 215 - 216,True,3,213 及 215 - 216,12905.0,62730.0,35810.0,0.9938489924061226,12984.870034185788,62.0,LW,0,0,3,6
214,214,False,1,214,4870.0,26540.0,22810.0,0.12229350060973666,39822.23074586078,60.0,LW,0,1,5,6
217,217,False,1,217,4633.0,47700.0,40000.0,0.15842170124878874,29244.730762764884,59.0,LW,0,1,3,6
220S,220 and 226,True,2,220 及 226,11607.0,36390.0,25000.0,0.7878149148249226,14733.155950188431,66.0,LW,0,0,2,6
221,221,False,1,221,79898.0,23030.0,18000.0,0.7386837451720922,108162.6616562221,60.0,LW,0,1,3,6
222,222,False,1,222,19223.0,20020.0,18000.0,0.38588366302409766,49815.53209418861,58.0,LW,0,1,3,6
225,225,False,1,225,39854.0,21550.0,17000.0,0.3438480650618691,115905.84345102831,65.0,LW,0,0,2,6
227,227,False,1,227,18400.0,22760.0,20000.0,0.19250387373101338,95582.49215135489,60.0,LW,0,1,3,6
228,228,False,1,228,14490.0,18160.0,15000.0,0.09330784351163544,155292.41117005458,61.0,LW,0,0,3,6
229,229,False,1,229,15842.0,20000.0,16000.0,0.15334112434698932,103312.1419153794,59.0,LW,0,1,3,6
231,231,False,1,231,6541.0,74340.0,36000.0,0.12731705859762943,51375.67637870162,60.0,LW,0,1,3,5
232,232,False,1,232,4030.0,75040.0,40000.0,0.27278204882644036,14773.699432707605,64.0,LW,0,0,2,5
233,233,False,1,233,3467.0,65140.0,40000.0,0.26108351058011875,13279.276015158686,65.0,LW,0,0,2,5
234,234,False,1,234,14059.0,60470.0,30000.0,0.3831316405242849,36694.959415937,58.0,LW,0,1,3,5
235,235,False,1,235,16052.0,49750.0,31000.0,0.21958355269532115,73102.01425820192,67.0,LW,0,0,2,5
236,236,False,1,236,29334.0,26500.0,20000.0,0.46013344172542636,63751.071623923315,66.0,LW,0,0,2,6
237,237,False,1,237,21469.0,24070.0,18000.0,0.37319052149299903,57528.256382585416,62.0,LW,0,0,3,5
241,241,False,1,241,43322.0,27220.0,19000.0,0.35435289422721766,122256.65630438206,51.0,LW,0,2,4,6
242,242,False,1,242,48753.0,23140.0,18300.0,0.3911529120588647,124639.23569783663,58.0,LW,0,1,3,6
243,243,False,1,243,33985.0,21640.0,18000.0,0.3438139906190522,98847.05371881032,61.0,LW,0,0,3,6
244,244,False,1,244,23324.0,39070.0,26250.0,0.35571570340246705,65569.21658758076,60.0,LW,0,1,3,6
245,245,False,1,245,45645.0,40040.0,26000.0,0.3491118860111145,130746.04970209129,63.0,LW,0,0,3,6
246,246,False,1,246,16785.0,25060.0,20000.0,0.31352481503887025,53536.432189327745,60.0,LW,0,1,3,5
247,247,False,1,247,6405.0,36120.0,23000.0,0.13336807703212916,48024.9857577012,60.0,LW,0,1,3,6
251S,251 and 256,True,2,251 及 256,18343.0,86170.0,47700.0,0.8780895767848478,20889.668303732135,66.0,LW,0,0,4,6
252,252,False,1,252,1200.0,52040.0,36000.0,0.43537758126727677,2756.228275482389,72.0,LW,0,0,1,6
253,253,False,1,253,32342.0,38040.0,22010.0,0.5137404415701893,62953.96932573646,62.0,LW,0,0,2,6
254,254,False,1,254,21191.0,81040.0,50000.0,0.4300140830222453,49279.781376145664,67.0,LW,0,0,2,6
255,255,False,1,255,69907.0,32100.0,20000.0,0.8119136420893781,86101.52161023107,66.0,LW,0,0,2,6
260,260,False,1,260,44201.0,48700.0,30000.0,0.9069645645756051,48735.09035127841,61.0,LW,0,0,5,6
261,261,False,1,261,11052.0,22750.0,19000.0,0.9544368324048504,11579.603410896021,75.0,LW,0,0,1,3
262,262,False,1,262,34664.0,18880.0,14310.0,0.5252588447519406,65994.12907815092,72.0,LW,0,0,1,4
263,263,False,1,263,54891.0,17290.0,15000.0,1.2908154188406307,42524.282867105314,66.0,LW,0,0,2,5
264,264,False,1,264,71231.0,20040.0,17000.0,0.7958673613613099,89501.09460219763,65.0,LW,0,0,2,6
265,265,False,1,265,20237.0,17510.0,16000.0,0.31572255699742774,64097.41575786388,63.0,LW,0,0,2,6
266,266,False,1,266,49936.0,17540.0,15000.0,0.42087524083166555,118647.98675570593,62.0,LW,0,0,2,6
267,267,False,1,267,37181.0,18320.0,15000.0,0.26947621162837,137975.07310691927,59.0,LW,0,1,3,6
268,268,False,1,268,25222.0,25140.0,21250.0,1.333962748648226,18907.574462299468,56.0,LW,0,1,3,6
269,269,False,1,269,10779.0,25190.0,18000.0,1.6982456470928644,6347.13830619969,88.0,LW,0,0,0,1
271,271,False,1,271,16911.0,88100.0,44560.0,1.5660817687149187,10798.286741998585,50.0,LW,0,2,6,6
272,272,False,1,272,10015.0,76720.0,40000.0,0.8134931021339814,12311.106232773613,56.0,LW,0,1,3,6
280,280,False,1,280,38848.0,29040.0,21000.0,1.3829237907781997,28091.208104923433,67.0,LW,0,0,2,5
281,281,False,1,281,190329.0,24040.0,16700.0,2.8649319965583846,66434.03760670076,62.0,LW,0,0,2,4
282,282,False,1,282,53722.0,25040.0,17500.0,1.074914582751669,49977.9246295806,58.0,LW,0,1,3,4
283,283,False,1,283,61646.0,19540.0,16000.0,0.767096987506238,80362.71945273243,62.0,LW,0,0,2,4
284,284,False,1,284,18789.0,23510.0,20000.0,0.3827036273882687,49095.43222316464,58.0,LW,0,1,3,4
285,285,False,1,285,15619.0,22040.0,20000.0,0.3278800381811224,47636.32481759074,62.0,LW,0,0,3,4
286,286,False,1,286,42575.0,19540.0,16070.0,3.1066075434051337,13704.659956285885,74.0,LW,0,0,1,3
287,287,False,1,287,17972.0,16800.0,15000.0,0.13234868961651902,135792.806502837,60.0,LW,0,1,3,4
288S,288 - 289,True,2,288 - 289,64344.0,29130.0,18000.0,4.1004616016379885,15691.89185293111,89.0,LW,0,0,0,1
290,290,False,1,290,52702.0,30440.0,20000.0,1.084285959396826,48605.25910463457,80.0,LW,0,0,0,2
291,291,False,1,291,87920.0,20130.0,16000.0,1.0617093047560726,82809.86104779367,66.0,LW,0,0,2,4
292,292,False,1,292,73666.0,20390.0,15000.0,1.33036630464482,55372.719335121226,74.0,LW,0,0,1,2
293S,293 and 296,True,2,293 及 296,104855.0,20470.0,15000.0,1.834696929846412,57151.128502066946,78.0,LW,0,0,0,2
294,294,False,1,294,158821.0,19330.0,15800.0,1.7847047918456271,88990.06755944075,71.0,LW,0,0,1,3
295,295,False,1,295,1900.0,15000.0,11750.0,0.7108833222889006,2672.731150707523,67.0,LW,0,0,2,4
297,297,False,1,297,98452.0,23880.0,18000.0,1.233922160437748,79787.85304015694,75.0,LW,0,0,1,3
298,298,False,1,298,55979.0,30840.0,19500.0,1.2168510231107268,46003.16631767849,71.0,LW,0,0,1,3
320S,"320, 324 and 329",True,3,"320, 324 及 329",124311.0,29990.0,20000.0,6.140387613821305,20244.81316459408,73.0,LW,0,0,1,2
322,322,False,1,322,3399.0,45140.0,23750.0,0.5231969097725042,6496.598004521756,75.0,HG,0,0,1,4
323,323,False,1,323,78334.0,40190.0,24000.0,2.2753276028862044,34427.569858790885,72.0,LW,0,0,3,6
325,325,False,1,325,55537.0,20140.0,15000.0,1.3136525106881327,42276.78137722126,74.0,LW,0,0,1,5
326,326,False,1,326,156842.0,21270.0,15500.0,2.017003032439016,77759.92275546672,66.0,LW,0,0,2,6
327,327,False,1,327,106812.0,21850.0,15570.0,3.991679828002341,26758.659161662945,71.0,LW,0,0,1,4
328,328,False,1,328,54288.0,25610.0,18000.0,2.106486243900788,25771.827448286378,75.0,LW,0,0,1,4
335,335,False,1,335,24813.0,52100.0,30000.0,2.456723363887831,10100.03827241369,79.0,SB,0,0,0,1
350,350,False,1,350,106080.0,29410.0,19040.0,6.350071359188411,16705.324082146668,82.0,LW,0,0,0,2
351,351,False,1,351,73501.0,25340.0,17000.0,4.346151357723603,16911.744196248575,88.0,LW,0,0,0,1
423S,423 and 428,True,2,423 及 428,180876.0,20190.0,16500.0,7.047742740716557,25664.387400952437,42.0,SB,1,3,6,6
424,424,False,1,424,103699.0,25060.0,18000.0,1.7562985715832542,59044.06100297528,34.0,SB,1,3,6,6
426,426,False,1,426,23741.0,40400.0,27810.0,2.438493320663768,9735.929887040906,50.0,SB,0,1,2,6
442,442,False,1,442,8349.0,33500.0,20000.0,1.7525697851566244,4763.8616565866805,63.0,SB,0,0,1,2
510,510,False,1,510,277731.0,25250.0,16500.0,4.046026793192245,68642.8968951229,39.0,SB,1,2,6,6
511,511,False,1,511,8904.0,31040.0,20000.0,3.2659337506934683,2726.3259697504213,47.0,SB,0,1,1,5
512,512,False,1,512,12509.0,29790.0,18000.0,2.659211249198154,4704.026430307823,51.0,SB,0,1,3,6
514,514,False,1,514,5055.0,21390.0,19000.0,4.143754787427204,1219.9080928576313,60.0,SB,0,1,1,4
515,515,False,1,515,23150.0,21590.0,17100.0,1.1444818871302762,20227.493558720547,46.0,SB,0,1,6,6
517,517,False,1,517,8619.0,26080.0,20000.0,3.1503435061572564,2735.8921283201057,57.0,SB,0,1,5,6
518,518,False,1,518,3205.0,28350.0,20000.0,0.7475668075129726,4287.242247502252,61.0,HG,0,0,4,6
519,519,False,1,519,15420.0,40070.0,22000.0,4.095914506164811,3764.727016833767,59.0,SB,0,1,3,6
521,521,False,1,521,11614.0,29040.0,20000.0,1.8604779173867794,6242.482048006774,61.0,HG,0,0,5,6
522,522,False,1,522,24644.0,29750.0,20000.0,12.94688682953065,1903.469175600525,83.0,HG,0,0,0,2
523,523,False,1,523,14074.0,21940.0,17000.0,2.4844406212552266,5664.856660123888,78.0,HG,0,0,0,3
524,524,False,1,524,75487.0,30080.0,20000.0,1.9666922248300118,38382.721529559414,43.0,HG,1,5,6,6
525,525,False,1,525,1678.0,26500.0,16500.0,1.9071631608041613,879.8408203797655,57.0,HG,0,1,6,6
526,526,False,1,526,10643.0,40070.0,30000.0,7.226526070992539,1472.7685052879385,62.0,HG,0,0,3,6
527,527,False,1,527,66490.0,27240.0,18500.0,1.4973324374645651,44405.63654160034,47.0,SB,0,3,6,6
528,528,False,1,528,5568.0,27620.0,20000.0,1.2869218249670547,4326.603133133235,67.0,SB,0,0,2,6
529,529,False,1,529,22376.0,40140.0,24070.0,0.8310653881644757,26924.475882000726,54.0,HG,0,2,6,6
531,531,False,1,531,19402.0,32600.0,20000.0,14.741601838757171,1316.1391965553003,78.0,LW,0,0,0,6
532,532,False,1,532,13029.0,27170.0,20000.0,11.134761982008474,1170.119309335236,63.0,LW,0,0,4,5
533,533,False,1,533,6996.0,30000.0,20000.0,9.717775604707521,719.9178376387875,79.0,HG,0,0,0,5
541,541,False,1,541,19141.0,53970.0,28750.0,7.1622850844655295,2672.471114214013,55.0,HG,0,1,4,6
543S,543 and 546,True,2,543 及 546,3337.0,45000.0,30000.0,7.512300900313498,444.20478416416233,41.0,HG,1,1,4,6
544,544,False,1,544,3477.0,22040.0,21250.0,4.603166765045965,755.349562045528,60.0,HG,0,1,4,6
545,545,False,1,545,1218.0,15870.0,20000.0,0.7884921034833726,1544.7206061026643,42.0,LW,2,4,5,5
547,547,False,1,547,14297.0,23760.0,18000.0,7.630717050375338,1873.6116023718587,36.0,LW,3,5,5,5
548S,548 - 549,True,2,548 - 549,1106.0,11240.0,13000.0,2.4308354103517367,454.98761260844236,44.0,LW,1,4,5,5
610S,"610, 621 and 632",True,3,"610, 621 及 632",2937.0,31940.0,23000.0,11.450231036801469,256.5013745626942,40.0,LW,3,4,5,5
620S,"620, 622 and 641",True,3,"620, 622 及 641",5321.0,17000.0,14500.0,16.796268766475073,316.7965501135931,21.0,LW,3,4,4,5
623,623,False,1,623,4421.0,22550.0,17000.0,1.2536156189977077,3526.599328376814,41.0,LW,2,4,5,5
624S,624 and 629,True,2,624 及 629,53612.0,23100.0,17000.0,4.189100227938216,12797.975002471274,27.0,LW,4,5,5,6
625,625,False,1,625,55738.0,25040.0,18000.0,2.3870881090478897,23349.787462278287,24.0,LW,4,5,5,6
626,626,False,1,626,25651.0,19200.0,15500.0,0.9088396388658453,28223.901008554458,22.0,LW,5,5,5,6
627,627,False,1,627,32985.0,20050.0,15000.0,0.49423704866378754,66739.2298678899,20.0,LW,5,5,5,6
628,628,False,1,628,81560.0,28290.0,18000.0,1.6400034465619455,49731.60280301847,22.0,LW,4,5,5,6
631S,631 and 633,True,2,631 及 633,12811.0,31250.0,20930.0,15.424125183084264,830.5819518406078,58.0,LW,0,1,4,4
634,634,False,1,634,18505.0,21610.0,18000.0,14.58264685201449,1268.9740201343259,44.0,LW,1,4,5,5
711S,"711 - 712, 721 and 728",True,4,"711 - 712, 721 及 728",18318.0,31480.0,20000.0,44.31424035546156,413.36599370911654,98.0,LW,0,0,0,0
720,720,False,1,720,4504.0,55220.0,32000.0,1.808141243089154,2490.955846073758,74.0,LW,0,0,1,3
722S,722 and 727,True,2,722 及 727,49877.0,35040.0,20000.0,10.514120310676985,4743.811039459992,41.0,LW,1,4,4,4
723,723,False,1,723,73312.0,22950.0,18000.0,2.0940704925875795,35009.32765133927,33.0,LW,3,4,5,5
725,725,False,1,725,9473.0,50260.0,24000.0,5.678967017937832,1668.0850531581132,36.0,LW,2,4,4,4
726,726,False,1,726,93287.0,25750.0,18000.0,1.1188183183574454,83379.93619639344,29.0,LW,4,4,5,5
729,729,False,1,729,27614.0,57670.0,34000.0,4.688108190424327,5890.22242626628,43.0,LW,1,4,4,4
732S,"732, 751 and 753",True,3,"732, 751 及 753",59769.0,39270.0,25000.0,14.066434962692053,4249.051032370559,62.0,LW,0,0,3,4
755,755,False,1,755,87222.0,20110.0,16150.0,1.5975514290480373,54597.30335690951,45.0,LW,1,3,4,4
756S,756 and 761 - 762,True,3,756 及 761 - 762,106465.0,34040.0,21250.0,32.30695387969549,3295.4205585724344,60.0,LW,0,1,3,4
757,757,False,1,757,210356.0,35400.0,20330.0,8.108342238726058,25943.157529207856,71.0,LW,0,0,1,4
758,758,False,1,758,47474.0,23800.0,17900.0,2.233764195508618,21252.914741607445,47.0,LW,0,3,4,5
759,759,False,1,759,124439.0,26650.0,18500.0,3.5160754110807217,35391.447978572134,52.0,LW,0,2,4,4
820,820,False,1,820,7066.0,31290.0,25000.0,2.9628760522423514,2384.844953150281,104.0,LW,0,0,0,0
822,822,False,1,822,7203.0,42040.0,28750.0,4.575178633292064,1574.3647576044675,79.0,LW,0,0,0,2
825,825,False,1,825,3779.0,31200.0,19000.0,0.9519494013605035,3969.748806605837,97.0,LW,0,0,0,0
826S,826 and 828,True,2,826 及 828,8300.0,30250.0,19000.0,0.5453353235094636,15219.99335488849,81.0,LW,0,0,0,2
827,827,False,1,827,3873.0,32890.0,20000.0,0.5100701458161553,7593.0732895627,97.0,LW,0,0,0,0
831,831,False,1,831,24466.0,46830.0,26560.0,9.795796643598614,2497.6018684491696,86.0,LW,0,0,0,1
835,835,False,1,835,22205.0,26070.0,16500.0,2.5531022743418066,8697.262237849238,101.0,LW,0,0,0,0
836,836,False,1,836,84616.0,32780.0,20000.0,3.056790732978003,27681.31919765569,79.0,LW,0,0,0,2
837,837,False,1,837,76941.0,34620.0,20000.0,1.2770530833233436,60248.865927931765,84.0,LW,0,0,0,2
838,838,False,1,838,122150.0,40170.0,22000.0,1.432771103936978,85254.37152128168,76.0,LW,0,0,0,2
839,839,False,1,839,47991.0,59070.0,32000.0,6.976437115814718,6879.012768739843,90.0,LW,0,0,0,1
950S,950 - 951,True,2,950 - 951,116029.0,28580.0,18000.0,38.22601123878356,3035.3415446673293,87.0,SB,0,0,0,1
975,975,False,1,975,14409.0,52820.0,33000.0,1.030663364881805,13980.316455366008,89.0,LW,0,0,0,1
