id,lon,lat,snap_lat_1600,snap_lon_1600,distance_1600,found_1600,snap_lat_5000,snap_lon_5000,distance_5000,found_5000,stable_route,classification
434,113.887010828039,22.3523189564629,,,,FALSE,22.3726838,113.9154038,3692.8815744166,TRUE,FALSE,requires_snap_radius_over_1600m
814,114.365169339492,22.3139469393471,,,,FALSE,22.3368872,114.3587624,2633.12707535352,TRUE,FALSE,requires_snap_radius_over_1600m
933,113.988539729508,22.1952395891749,,,,FALSE,22.2131489,113.9889941,1990.86385286598,TRUE,FALSE,requires_snap_radius_over_1600m
934,113.911495720585,22.1827760097152,,,,FALSE,22.206493,113.9121144,2636.50820632587,TRUE,FALSE,requires_snap_radius_over_1600m
158,114.212156918739,22.2682589137114,22.2686417,114.2124059,49.6523111453437,TRUE,22.2686417,114.2124059,49.6523111453437,TRUE,FALSE,snapped_but_no_stable_p50_route_within_120min
167,114.249568019449,22.2581279595722,22.2580589,114.2494752,12.2491436688086,TRUE,22.2580589,114.2494752,12.2491436688086,TRUE,FALSE,snapped_but_no_stable_p50_route_within_120min
176,114.171860375487,22.2392602598493,22.2381989,114.172279,125.566948250783,TRUE,22.2381989,114.172279,125.566948250783,TRUE,FALSE,snapped_but_no_stable_p50_route_within_120min
183,114.175817818997,22.2595744245821,22.2590436,114.1757982,59.0266112086692,TRUE,22.2590436,114.1757982,59.0266112086692,TRUE,FALSE,snapped_but_no_stable_p50_route_within_120min
194,114.210138996221,22.2439750933637,22.2451993,114.2099971,136.83040875826,TRUE,22.2451993,114.2099971,136.83040875826,TRUE,FALSE,snapped_but_no_stable_p50_route_within_120min
196,114.239502961351,22.2320021347761,22.2320065,114.2403408,86.1908948087598,TRUE,22.2320065,114.2403408,86.1908948087598,TRUE,FALSE,snapped_but_no_stable_p50_route_within_120min
197,114.247245222167,22.2332906577336,22.2332222,114.247478,25.1254508066846,TRUE,22.2332222,114.247478,25.1254508066846,TRUE,FALSE,snapped_but_no_stable_p50_route_within_120min
198,114.217118421069,22.1998333968201,22.2051456,114.2146715,641.805702600903,TRUE,22.2051456,114.2146715,641.805702600903,TRUE,FALSE,snapped_but_no_stable_p50_route_within_120min
289,114.219549334906,22.3458187626803,22.3458348,114.2196447,9.96305374704724,TRUE,22.3458348,114.2196447,9.96305374704724,TRUE,FALSE,snapped_but_no_stable_p50_route_within_120min
310,114.13164135283,22.3986785360548,22.3987717,114.1319256,30.9868555555922,TRUE,22.3987717,114.1319256,30.9868555555922,TRUE,FALSE,snapped_but_no_stable_p50_route_within_120min
331,114.096310524045,22.3894816477004,22.3885514,114.0974434,155.688221550998,TRUE,22.3885514,114.0974434,155.688221550998,TRUE,FALSE,snapped_but_no_stable_p50_route_within_120min
332,114.080036063312,22.3785322358663,22.3785034,114.0798955,14.7959732672147,TRUE,22.3785034,114.0798955,14.7959732672147,TRUE,FALSE,snapped_but_no_stable_p50_route_within_120min
333,114.078547401159,22.3925533208566,22.3926011,114.0785303,5.59304182908344,TRUE,22.3926011,114.0785303,5.59304182908344,TRUE,FALSE,snapped_but_no_stable_p50_route_within_120min
340,114.051389449972,22.3762752957149,22.3764201,114.0520233,67.0960332665067,TRUE,22.3764201,114.0520233,67.0960332665067,TRUE,FALSE,snapped_but_no_stable_p50_route_within_120min
411,114.020766220737,22.395751462092,22.3957287,114.0208577,9.73399482044959,TRUE,22.3957287,114.0208577,9.73399482044959,TRUE,FALSE,snapped_but_no_stable_p50_route_within_120min
412,114.055382290722,22.405790222645,22.4058742,114.0554955,14.9127428935714,TRUE,22.4058742,114.0554955,14.9127428935714,TRUE,FALSE,snapped_but_no_stable_p50_route_within_120min
413,114.03238066462,22.3857237133952,22.387855,114.0325974,237.900957626721,TRUE,22.387855,114.0325974,237.900957626721,TRUE,FALSE,snapped_but_no_stable_p50_route_within_120min
414,114.001604688511,22.4022641141328,22.4007729,114.0016974,165.996597035617,TRUE,22.4007729,114.0016974,165.996597035617,TRUE,FALSE,snapped_but_no_stable_p50_route_within_120min
415,113.990617565467,22.394463911488,22.3944797,113.9906058,2.13077352586506,TRUE,22.3944797,113.9906058,2.13077352586506,TRUE,FALSE,snapped_but_no_stable_p50_route_within_120min
416,114.016680415937,22.4041645235187,22.4042799,114.0175775,93.057975665735,TRUE,22.4042799,114.0175775,93.057975665735,TRUE,FALSE,snapped_but_no_stable_p50_route_within_120min
422,113.956418583078,22.3781242329263,22.3767559,113.9555174,178.047287848033,TRUE,22.3767559,113.9555174,178.047287848033,TRUE,FALSE,snapped_but_no_stable_p50_route_within_120min
425,113.982562098875,22.3986722013916,22.3988488,113.9835238,100.743472502024,TRUE,22.3988488,113.9835238,100.743472502024,TRUE,FALSE,snapped_but_no_stable_p50_route_within_120min
431,113.933575790114,22.4162736486988,22.4154764,113.938202,483.465282232134,TRUE,22.4154764,113.938202,483.465282232134,TRUE,FALSE,snapped_but_no_stable_p50_route_within_120min
432,113.932267902894,22.396512364586,22.3964282,113.9322957,9.77981849849178,TRUE,22.3964282,113.9322957,9.77981849849178,TRUE,FALSE,snapped_but_no_stable_p50_route_within_120min
433,113.959540757227,22.4243706429484,22.4226277,113.9602697,207.669819415494,TRUE,22.4226277,113.9602697,207.669819415494,TRUE,FALSE,snapped_but_no_stable_p50_route_within_120min
441,113.994057425594,22.4191282664562,22.4184189,113.9940224,78.9160773324723,TRUE,22.4184189,113.9940224,78.9160773324723,TRUE,FALSE,snapped_but_no_stable_p50_route_within_120min
513,113.966445089438,22.4422037471051,22.4410045,113.9654016,171.02877727743,TRUE,22.4410045,113.9654016,171.02877727743,TRUE,FALSE,snapped_but_no_stable_p50_route_within_120min
516,114.020108383035,22.4707270832577,22.470172,114.0202992,64.7257259778892,TRUE,22.470172,114.0202992,64.7257259778892,TRUE,FALSE,snapped_but_no_stable_p50_route_within_120min
542,114.059487360616,22.4996467323703,22.5001649,114.0606487,132.415970262624,TRUE,22.5001649,114.0606487,132.415970262624,TRUE,FALSE,snapped_but_no_stable_p50_route_within_120min
610,114.110840737992,22.4608213177065,22.4597504,114.1108275,119.022028076148,TRUE,22.4597504,114.1108275,119.022028076148,TRUE,FALSE,snapped_but_no_stable_p50_route_within_120min
620,114.079165499523,22.5214426352059,22.5193612,114.0838462,533.291419830674,TRUE,22.5193612,114.0838462,533.291419830674,TRUE,FALSE,snapped_but_no_stable_p50_route_within_120min
632,114.123785485356,22.4766102220468,22.474762,114.1238518,205.511260990861,TRUE,22.474762,114.1238518,205.511260990861,TRUE,FALSE,snapped_but_no_stable_p50_route_within_120min
633,114.187025045027,22.4855434084622,22.485338,114.187218,30.2270438111469,TRUE,22.485338,114.187218,30.2270438111469,TRUE,FALSE,snapped_but_no_stable_p50_route_within_120min
641,114.137165631868,22.5283456520053,22.5279501,114.1370313,46.0709529796513,TRUE,22.5279501,114.1370313,46.0709529796513,TRUE,FALSE,snapped_but_no_stable_p50_route_within_120min
642,114.163567062504,22.542795528706,22.5432142,114.1630874,67.740598807415,TRUE,22.5432142,114.1630874,67.740598807415,TRUE,FALSE,snapped_but_no_stable_p50_route_within_120min
651,114.184666609937,22.5430772078679,22.5448131,114.1823955,302.581815423893,TRUE,22.5448131,114.1823955,302.581815423893,TRUE,FALSE,snapped_but_no_stable_p50_route_within_120min
652,114.204398719484,22.5225717645431,22.5244953,114.2047599,216.959845006666,TRUE,22.5244953,114.2047599,216.959845006666,TRUE,FALSE,snapped_but_no_stable_p50_route_within_120min
653,114.273586639267,22.5198878948394,22.5206889,114.2719053,194.206657416245,TRUE,22.5206889,114.2719053,194.206657416245,TRUE,FALSE,snapped_but_no_stable_p50_route_within_120min
711,114.265747183148,22.4846411569778,22.492884,114.2637541,938.633876534473,TRUE,22.492884,114.2637541,938.633876534473,TRUE,FALSE,snapped_but_no_stable_p50_route_within_120min
712,114.229472171852,22.4958805591111,22.4958894,114.2294702,1.0031577255167,TRUE,22.4958894,114.2294702,1.0031577255167,TRUE,FALSE,snapped_but_no_stable_p50_route_within_120min
720,114.150906402002,22.4478776435033,22.4477296,114.15199,112.508166128706,TRUE,22.4477296,114.15199,112.508166128706,TRUE,FALSE,snapped_but_no_stable_p50_route_within_120min
721,114.214004200554,22.4810326549126,22.4801897,114.2133861,113.157320110708,TRUE,22.4801897,114.2133861,113.157320110708,TRUE,FALSE,snapped_but_no_stable_p50_route_within_120min
724,114.143477777939,22.4352168502326,22.4352018,114.1399295,364.488271049092,TRUE,22.4352018,114.1399295,364.488271049092,TRUE,FALSE,snapped_but_no_stable_p50_route_within_120min
731,114.158939076865,22.3970362393462,22.396241,114.159744,121.040532141679,TRUE,22.396241,114.159744,121.040532141679,TRUE,FALSE,snapped_but_no_stable_p50_route_within_120min
732,114.179239294162,22.407285733747,22.4077153,114.1794351,51.8046583010938,TRUE,22.4077153,114.1794351,51.8046583010938,TRUE,FALSE,snapped_but_no_stable_p50_route_within_120min
733,114.161049359274,22.379969936023,22.3798313,114.1601542,93.2700351106407,TRUE,22.3798313,114.1601542,93.2700351106407,TRUE,FALSE,snapped_but_no_stable_p50_route_within_120min
741,114.286252698347,22.4309663216377,22.4306213,114.285493,86.9506937247081,TRUE,22.4306213,114.285493,86.9506937247081,TRUE,FALSE,snapped_but_no_stable_p50_route_within_120min
742,114.338259974893,22.4427622675875,22.4427839,114.3382841,3.45256654602739,TRUE,22.4427839,114.3382841,3.45256654602739,TRUE,FALSE,snapped_but_no_stable_p50_route_within_120min
743,114.431446013773,22.5440114459345,22.5443453,114.4317222,46.6923773302521,TRUE,22.5443453,114.4317222,46.6923773302521,TRUE,FALSE,snapped_but_no_stable_p50_route_within_120min
744,114.257963917029,22.4026359261682,22.4034903,114.2573918,111.672257546473,TRUE,22.4034903,114.2573918,111.672257546473,TRUE,FALSE,snapped_but_no_stable_p50_route_within_120min
761,114.189857613788,22.3627617381916,22.3622754,114.1900025,56.0619474977624,TRUE,22.3622754,114.1900025,56.0619474977624,TRUE,FALSE,snapped_but_no_stable_p50_route_within_120min
762,114.240716710085,22.3979337952067,22.3980344,114.2406675,12.2706903602562,TRUE,22.3980344,114.2406675,12.2706903602562,TRUE,FALSE,snapped_but_no_stable_p50_route_within_120min
811,114.302621915574,22.3997490723761,22.3991164,114.3028894,75.4913534677005,TRUE,22.3991164,114.3028894,75.4913534677005,TRUE,FALSE,snapped_but_no_stable_p50_route_within_120min
812,114.345029025115,22.3907354514189,22.392484,114.3465075,246.657930733605,TRUE,22.392484,114.3465075,246.657930733605,TRUE,FALSE,snapped_but_no_stable_p50_route_within_120min
813,114.35780942416,22.3558801066076,22.3566899,114.3569811,123.883106715749,TRUE,22.3566899,114.3569811,123.883106715749,TRUE,FALSE,snapped_but_no_stable_p50_route_within_120min
815,114.375010800242,22.4150484985718,22.4161546,114.3747527,125.751740184336,TRUE,22.4161546,114.3747527,125.751740184336,TRUE,FALSE,snapped_but_no_stable_p50_route_within_120min
821,114.272115911325,22.3633542390611,22.3629368,114.2719578,49.1549087358921,TRUE,22.3629368,114.2719578,49.1549087358921,TRUE,FALSE,snapped_but_no_stable_p50_route_within_120min
823,114.258734361053,22.3514387820597,22.3518112,114.2593093,72.1461846974615,TRUE,22.3518112,114.2593093,72.1461846974615,TRUE,FALSE,snapped_but_no_stable_p50_route_within_120min
824,114.238248157355,22.3633650931119,22.3648581,114.2373725,188.757194777125,TRUE,22.3648581,114.2373725,188.757194777125,TRUE,FALSE,snapped_but_no_stable_p50_route_within_120min
829,114.255020001507,22.3734500623687,22.3745769,114.2549739,125.318396984231,TRUE,22.3745769,114.2549739,125.318396984231,TRUE,FALSE,snapped_but_no_stable_p50_route_within_120min
833,114.249282769357,22.298207065894,22.2982643,114.2492224,8.88752949025275,TRUE,22.2982643,114.2492224,8.88752949025275,TRUE,FALSE,snapped_but_no_stable_p50_route_within_120min
834,114.289540738822,22.2481716275213,22.2490715,114.2899161,107.199711433134,TRUE,22.2490715,114.2899161,107.199711433134,TRUE,FALSE,snapped_but_no_stable_p50_route_within_120min
911,114.133490773842,22.1965556761945,22.1965552,114.1335698,8.13174810766767,TRUE,22.1965552,114.1335698,8.13174810766767,TRUE,FALSE,snapped_but_no_stable_p50_route_within_120min
912,114.116689493402,22.2234730461694,22.2234209,114.1167011,5.91689429141655,TRUE,22.2234209,114.1167011,5.91689429141655,TRUE,FALSE,snapped_but_no_stable_p50_route_within_120min
913,114.262670743658,22.1740297986516,22.1720526,114.2640993,264.379957065655,TRUE,22.1720526,114.2640993,264.379957065655,TRUE,FALSE,snapped_but_no_stable_p50_route_within_120min
920,114.029036891964,22.2083624887599,22.2083985,114.0290337,4.01548869728357,TRUE,22.2083985,114.0290337,4.01548869728357,TRUE,FALSE,snapped_but_no_stable_p50_route_within_120min
931,113.981708872588,22.2414214593604,22.2414065,113.9815566,15.7514020846004,TRUE,22.2414065,113.9815566,15.7514020846004,TRUE,FALSE,snapped_but_no_stable_p50_route_within_120min
932,113.92502007883,22.2302325567921,22.2300522,113.9249468,21.4143081802294,TRUE,22.2300522,113.9249468,21.4143081802294,TRUE,FALSE,snapped_but_no_stable_p50_route_within_120min
941,113.891974344162,22.230489916624,22.2304543,113.892024,6.46227978199198,TRUE,22.2304543,113.892024,6.46227978199198,TRUE,FALSE,snapped_but_no_stable_p50_route_within_120min
942,113.864374080747,22.2323100240958,22.2328326,113.8647562,70.1280669178334,TRUE,22.2328326,113.8647562,70.1280669178334,TRUE,FALSE,snapped_but_no_stable_p50_route_within_120min
943,113.898111521886,22.272201666341,22.2718491,113.8972434,97.4987174582892,TRUE,22.2718491,113.8972434,97.4987174582892,TRUE,FALSE,snapped_but_no_stable_p50_route_within_120min
944,113.863418838396,22.2526528437051,22.2526471,113.8634187,0.638473695830073,TRUE,22.2526471,113.8634187,0.638473695830073,TRUE,FALSE,snapped_but_no_stable_p50_route_within_120min
950,113.942049732785,22.2724620319852,22.2715355,113.9399815,236.313710274733,TRUE,22.2715355,113.9399815,236.313710274733,TRUE,FALSE,snapped_but_no_stable_p50_route_within_120min
961,113.979423496534,22.2859920401735,22.2853431,113.9799869,92.507612665602,TRUE,22.2853431,113.9799869,92.507612665602,TRUE,FALSE,snapped_but_no_stable_p50_route_within_120min
962,113.990469464635,22.269777687937,22.2697035,113.99058,14.0429170571059,TRUE,22.2697035,113.99058,14.0429170571059,TRUE,FALSE,snapped_but_no_stable_p50_route_within_120min
963,114.041677094138,22.2539357931943,22.2538983,114.0417604,9.52784344705628,TRUE,22.2538983,114.0417604,9.52784344705628,TRUE,FALSE,snapped_but_no_stable_p50_route_within_120min
973,114.039898848957,22.3167801989796,22.317007,114.0401962,39.6212090405961,TRUE,22.317007,114.0401962,39.6212090405961,TRUE,FALSE,snapped_but_no_stable_p50_route_within_120min
974,114.031415777518,22.3296750495611,22.3298249,114.0314099,16.6642810396189,TRUE,22.3298249,114.0314099,16.6642810396189,TRUE,FALSE,snapped_but_no_stable_p50_route_within_120min
976,114.044259492855,22.285986871605,22.2847048,114.0443799,143.017403037604,TRUE,22.2847048,114.0443799,143.017403037604,TRUE,FALSE,snapped_but_no_stable_p50_route_within_120min
111,114.123883156276,22.2794142894765,22.2802268,114.1242204,96.7277419706709,TRUE,22.2802268,114.1242204,96.7277419706709,TRUE,TRUE,stable_route
112,114.139176853324,22.2874332979427,22.2874578,114.1391709,2.79095382375548,TRUE,22.2874578,114.1391709,2.79095382375548,TRUE,TRUE,stable_route
113,114.147787148396,22.2861416594107,22.2861013,114.1477725,4.73144343709624,TRUE,22.2861013,114.1477725,4.73144343709624,TRUE,TRUE,stable_route
114,114.152702909309,22.2847085178581,22.2846934,114.1527414,4.29991119020551,TRUE,22.2846934,114.1527414,4.29991119020551,TRUE,TRUE,stable_route
115,114.145940527009,22.2890940728365,22.2892029,114.1459641,12.3348080974307,TRUE,22.2892029,114.1459641,12.3348080974307,TRUE,TRUE,stable_route
116,114.133360310746,22.2857428992026,22.2859112,114.1335236,25.1352185065546,TRUE,22.2859112,114.1335236,25.1352185065546,TRUE,TRUE,stable_route
121,114.156567646223,22.2855853909368,22.2855994,114.1565527,2.1877045446442,TRUE,22.2855994,114.1565527,2.1877045446442,TRUE,TRUE,stable_route
122,114.153901285683,22.281612102494,22.2816276,114.1538726,3.41585946601287,TRUE,22.2816276,114.1538726,3.41585946601287,TRUE,TRUE,stable_route
123,114.159817250701,22.2818051392898,22.2817866,114.1598679,5.60120262367013,TRUE,22.2817866,114.1598679,5.60120262367013,TRUE,TRUE,stable_route
124,114.164800586663,22.279452162141,22.2793452,114.1649664,20.786058470796,TRUE,22.2793452,114.1649664,20.786058470796,TRUE,TRUE,stable_route
131,114.171515968747,22.2765733694504,22.2765728,114.1715203,0.449892960864798,TRUE,22.2765728,114.1715203,0.449892960864798,TRUE,TRUE,stable_route
132,114.178410854651,22.2769221331515,22.2769676,114.1783156,11.0222319005601,TRUE,22.2769676,114.1783156,11.0222319005601,TRUE,TRUE,stable_route
133,114.17891339103,22.2796190889951,22.2796395,114.178908,2.33510134754973,TRUE,22.2796395,114.178908,2.33510134754973,TRUE,TRUE,stable_route
134,114.172149053341,22.2814833751573,22.2814971,114.172148,1.52912392194238,TRUE,22.2814971,114.172148,1.52912392194238,TRUE,TRUE,stable_route
135,114.177600452578,22.2816495628227,22.2820939,114.1774876,50.7258738449348,TRUE,22.2820939,114.1774876,50.7258738449348,TRUE,TRUE,stable_route
140,114.173640759363,22.271384631761,22.2709956,114.173743,44.49448571375,TRUE,22.2709956,114.173743,44.49448571375,TRUE,TRUE,stable_route
141,114.136973948225,22.2796753214113,22.279797,114.1370777,17.2248370601407,TRUE,22.279797,114.1370777,17.2248370601407,TRUE,TRUE,stable_route
142,114.15114188346,22.2791555374114,22.2792578,114.1511172,11.6447719786287,TRUE,22.2792578,114.1511172,11.6447719786287,TRUE,TRUE,stable_route
143,114.160056458001,22.2743355981489,22.2743638,114.160058,3.13816467245213,TRUE,22.2743638,114.160058,3.13816467245213,TRUE,TRUE,stable_route
144,114.184584946726,22.2704914488167,22.2704726,114.184624,4.52978929814121,TRUE,22.2704726,114.184624,4.52978929814121,TRUE,TRUE,stable_route
145,114.190922972405,22.2751550300822,22.2751002,114.1905072,43.1898724063154,TRUE,22.2751002,114.1905072,43.1898724063154,TRUE,TRUE,stable_route
146,114.185927726833,22.2794620804338,22.2794156,114.1859155,5.31633729640119,TRUE,22.2794156,114.1859155,5.31633729640119,TRUE,TRUE,stable_route
147,114.18789939269,22.2830054808303,22.2830406,114.1877974,11.1909312872586,TRUE,22.2830406,114.1877974,11.1909312872586,TRUE,TRUE,stable_route
148,114.196575776606,22.2768944641181,22.2761793,114.1964295,80.8893687588991,TRUE,22.2761793,114.1964295,80.8893687588991,TRUE,TRUE,stable_route
149,114.195267398609,22.2707610620182,22.2707628,114.1952682,0.209996200035135,TRUE,22.2707628,114.1952682,0.209996200035135,TRUE,TRUE,stable_route
151,114.192416649805,22.2870915320456,22.287102,114.1924235,1.35997897158503,TRUE,22.287102,114.1924235,1.35997897158503,TRUE,TRUE,stable_route
152,114.198486225984,22.2844731241969,22.2845008,114.1980337,46.6360089159303,TRUE,22.2845008,114.1980337,46.6360089159303,TRUE,TRUE,stable_route
153,114.2001082891,22.2906624590611,22.2906254,114.1999713,14.6760655466288,TRUE,22.2906254,114.1999713,14.6760655466288,TRUE,TRUE,stable_route
154,114.207347337395,22.2886782702549,22.2892291,114.2070356,69.1005882562343,TRUE,22.2892291,114.2070356,69.1005882562343,TRUE,TRUE,stable_route
155,114.211152709881,22.2872252441683,22.2873148,114.2111537,9.9531260949592,TRUE,22.2873148,114.2111537,9.9531260949592,TRUE,TRUE,stable_route
156,114.213975813261,22.2781779199576,22.27818,114.2142146,24.5572845307473,TRUE,22.27818,114.2142146,24.5572845307473,TRUE,TRUE,stable_route
157,114.218804775421,22.286934216918,22.2871549,114.2186263,30.6318161158646,TRUE,22.2871549,114.2186263,30.6318161158646,TRUE,TRUE,stable_route
161,114.230180667405,22.2799620447255,22.279931,114.2302458,7.53432559234426,TRUE,22.279931,114.2302458,7.53432559234426,TRUE,TRUE,stable_route
162,114.23757761802,22.27393225653,22.2737265,114.2360823,155.470099990685,TRUE,22.2737265,114.2360823,155.470099990685,TRUE,TRUE,stable_route
163,114.240468518226,22.2675958198379,22.2676334,114.2404453,4.81084727913651,TRUE,22.2676334,114.2404453,4.81084727913651,TRUE,TRUE,stable_route
164,114.229434649181,22.2688268187652,22.269113,114.22891,62.6328375002044,TRUE,22.269113,114.22891,62.6328375002044,TRUE,TRUE,stable_route
165,114.235305370276,22.2610279792816,22.2617344,114.2350983,81.3440730575059,TRUE,22.2617344,114.2350983,81.3440730575059,TRUE,TRUE,stable_route
166,114.222139344457,22.2777511462385,22.2777185,114.2221348,3.65804925015852,TRUE,22.2777185,114.2221348,3.65804925015852,TRUE,TRUE,stable_route
171,114.130915342874,22.2658290960441,22.2658383,114.1309794,6.66697893575174,TRUE,22.2658383,114.1309794,6.66697893575174,TRUE,TRUE,stable_route
172,114.140054322076,22.2566764478188,22.256696,114.1399559,10.3535987464977,TRUE,22.256696,114.1399559,10.3535987464977,TRUE,TRUE,stable_route
173,114.154722021842,22.2518886493947,22.2521572,114.1545348,35.5182429734358,TRUE,22.2521572,114.1545348,35.5182429734358,TRUE,TRUE,stable_route
174,114.154711422157,22.2402187870491,22.2403501,114.1547019,14.6260330351112,TRUE,22.2403501,114.1547019,14.6260330351112,TRUE,TRUE,stable_route
175,114.169018077049,22.2505478633884,22.2506005,114.1689904,6.50559779614683,TRUE,22.2506005,114.1689904,6.50559779614683,TRUE,TRUE,stable_route
181,114.143921859532,22.273471719629,22.2735543,114.1439274,9.19507247510371,TRUE,22.2735543,114.1439274,9.19507247510371,TRUE,TRUE,stable_route
182,114.154372799933,22.2641102126192,22.2640103,114.1543952,11.3400659367745,TRUE,22.2640103,114.1543952,11.3400659367745,TRUE,TRUE,stable_route
184,114.17784255183,22.2651345102503,22.2650368,114.1780849,27.187473477045,TRUE,22.2650368,114.1780849,27.187473477045,TRUE,TRUE,stable_route
190,114.19800215164,22.2665554434807,22.266554,114.1979932,0.9345111369622,TRUE,22.266554,114.1979932,0.9345111369622,TRUE,TRUE,stable_route
191,114.185734310895,22.2476535351284,22.2474134,114.1859508,34.7571273261026,TRUE,22.2474134,114.1859508,34.7571273261026,TRUE,TRUE,stable_route
192,114.197245839559,22.2375027450098,22.2374368,114.1973828,15.8808715324738,TRUE,22.2374368,114.1973828,15.8808715324738,TRUE,TRUE,stable_route
193,114.198861671966,22.2151670052828,22.2149794,114.199123,34.0229991115314,TRUE,22.2149794,114.199123,34.0229991115314,TRUE,TRUE,stable_route
195,114.217128349735,22.215347118882,22.2153482,114.2171479,2.01498479861364,TRUE,22.2153482,114.2171479,2.01498479861364,TRUE,TRUE,stable_route
211,114.169539827796,22.2996672661784,22.2996861,114.1693621,18.3937202825938,TRUE,22.2996861,114.1693621,18.3937202825938,TRUE,TRUE,stable_route
212,114.174524377325,22.3028057171379,22.3028212,114.1745233,1.72421820351318,TRUE,22.3028212,114.1745233,1.72421820351318,TRUE,TRUE,stable_route
213,114.186416794927,22.3031586203312,22.3029467,114.1866793,35.8211354951653,TRUE,22.3029467,114.1866793,35.8211354951653,TRUE,TRUE,stable_route
214,114.173935482975,22.296702540858,22.2967814,114.1739283,8.79491759013313,TRUE,22.2967814,114.1739283,8.79491759013313,TRUE,TRUE,stable_route
215,114.179512338234,22.301352523342,22.3013794,114.1795369,3.9114391823187,TRUE,22.3013794,114.1795369,3.9114391823187,TRUE,TRUE,stable_route
216,114.172619937707,22.2940475733047,22.2940442,114.1725665,5.50754232500454,TRUE,22.2940442,114.1725665,5.50754232500454,TRUE,TRUE,stable_route
217,114.184514979707,22.3013691581014,22.3013833,114.1845206,1.6745058847864,TRUE,22.3013833,114.1845206,1.6745058847864,TRUE,TRUE,stable_route
220,114.171515939439,22.3146190721483,22.3141751,114.1714462,49.8581813052869,TRUE,22.3141751,114.1714462,49.8581813052869,TRUE,TRUE,stable_route
221,114.164313457129,22.322391689552,22.3224761,114.1642326,12.5338241905588,TRUE,22.3224761,114.1642326,12.5338241905588,TRUE,TRUE,stable_route
222,114.170991211405,22.3235291560336,22.3235263,114.1709799,1.20539611498402,TRUE,22.3235263,114.1709799,1.20539611498402,TRUE,TRUE,stable_route
225,114.169132402039,22.3088273322026,22.3088304,114.1691454,1.37918619529065,TRUE,22.3088304,114.1691454,1.37918619529065,TRUE,TRUE,stable_route
226,114.175144029955,22.3100092150216,22.3098098,114.1751838,22.5356387405444,TRUE,22.3098098,114.1751838,22.5356387405444,TRUE,TRUE,stable_route
227,114.171782795569,22.3177091806686,22.3178233,114.1717665,12.7925942446418,TRUE,22.3178233,114.1717665,12.7925942446418,TRUE,TRUE,stable_route
228,114.168700527315,22.3138803973036,22.3138795,114.1686973,0.346464729141284,TRUE,22.3138795,114.1686973,0.346464729141284,TRUE,TRUE,stable_route
229,114.168103323904,22.3170402920214,22.3170366,114.1680881,1.61803799833841,TRUE,22.3170366,114.1680881,1.61803799833841,TRUE,TRUE,stable_route
231,114.178690350013,22.3263807863689,22.3263869,114.1785857,10.7796501664359,TRUE,22.3263869,114.1785857,10.7796501664359,TRUE,TRUE,stable_route
232,114.175607609535,22.322910134849,22.3228971,114.1755584,5.26227205989829,TRUE,22.3228971,114.1755584,5.26227205989829,TRUE,TRUE,stable_route
233,114.181443452615,22.3246412830966,22.3245613,114.1814555,8.97462757962336,TRUE,22.3245613,114.1814555,8.97462757962336,TRUE,TRUE,stable_route
234,114.180661809779,22.3204962723756,22.3202433,114.1802521,50.6411911178237,TRUE,22.3202433,114.1802521,50.6411911178237,TRUE,TRUE,stable_route
235,114.175852222888,22.3171339350946,22.3170557,114.1756359,23.8789966164939,TRUE,22.3170557,114.1756359,23.8789966164939,TRUE,TRUE,stable_route
236,114.180235511347,22.3124235216041,22.3124251,114.1801336,10.4791933929842,TRUE,22.3124251,114.1801336,10.4791933929842,TRUE,TRUE,stable_route
237,114.183157651063,22.3160170782153,22.3160478,114.1832614,11.1994804120995,TRUE,22.3160478,114.1832614,11.1994804120995,TRUE,TRUE,stable_route
241,114.187404382997,22.3185742441843,22.318574,114.1874642,6.14970391246845,TRUE,22.318574,114.1874642,6.14970391246845,TRUE,TRUE,stable_route
242,114.190890170835,22.3190703775437,22.3188904,114.1908274,21.0167229907314,TRUE,22.3188904,114.1908274,21.0167229907314,TRUE,TRUE,stable_route
243,114.186472673494,22.3090662513405,22.308942,114.1864711,13.8093678382228,TRUE,22.308942,114.1864711,13.8093678382228,TRUE,TRUE,stable_route
244,114.19018487593,22.3108350200547,22.3108331,114.1902452,6.20578782424905,TRUE,22.3108331,114.1902452,6.20578782424905,TRUE,TRUE,stable_route
245,114.189407816394,22.304928290024,22.3050071,114.1894498,9.76436627213295,TRUE,22.3050071,114.1894498,9.76436627213295,TRUE,TRUE,stable_route
246,114.187099514432,22.3243808467592,22.3244126,114.1871109,3.7178844339834,TRUE,22.3244126,114.1871109,3.7178844339834,TRUE,TRUE,stable_route
247,114.193336354043,22.3181276143584,22.3181194,114.1933305,1.09342349113151,TRUE,22.3181194,114.1933305,1.09342349113151,TRUE,TRUE,stable_route
251,114.16235018002,22.3044678481885,22.3044644,114.1623566,0.763260242996065,TRUE,22.3044644,114.1623566,0.763260242996065,TRUE,TRUE,stable_route
252,114.163767041862,22.3095214226775,22.3095301,114.1638258,6.11765925641233,TRUE,22.3095301,114.1638258,6.11765925641233,TRUE,TRUE,stable_route
253,114.163149297487,22.3152646493592,22.3152811,114.1631582,2.04451991758066,TRUE,22.3152811,114.1631582,2.04451991758066,TRUE,TRUE,stable_route
254,114.157017057193,22.3206299669528,22.3205966,114.1570825,7.68215063196298,TRUE,22.3205966,114.1570825,7.68215063196298,TRUE,TRUE,stable_route
255,114.151381227322,22.3300385580539,22.3300375,114.151382,0.141899207201867,TRUE,22.3300375,114.151382,0.141899207201867,TRUE,TRUE,stable_route
256,114.15998726192,22.3013091963553,22.3015347,114.1596883,39.6604997746636,TRUE,22.3015347,114.1596883,39.6604997746636,TRUE,TRUE,stable_route
260,114.139585004306,22.336582150316,22.3364308,114.1395298,17.7514754736749,TRUE,22.3364308,114.1395298,17.7514754736749,TRUE,TRUE,stable_route
261,114.151123744312,22.3419502025781,22.3422431,114.1512123,33.7993704360229,TRUE,22.3422431,114.1512123,33.7993704360229,TRUE,TRUE,stable_route
262,114.159749183069,22.3410304871968,22.3408734,114.1597112,17.8888333405078,TRUE,22.3408734,114.1597112,17.8888333405078,TRUE,TRUE,stable_route
263,114.166308725222,22.34026870006,22.3404342,114.1663087,18.3924996285169,TRUE,22.3404342,114.1663087,18.3924996285169,TRUE,TRUE,stable_route
264,114.154380603738,22.3358767348364,22.3358922,114.1543908,2.01307138426955,TRUE,22.3358922,114.1543908,2.01307138426955,TRUE,TRUE,stable_route
265,114.158015838104,22.3318483157708,22.3318995,114.157966,7.65532010376497,TRUE,22.3318995,114.157966,7.65532010376497,TRUE,TRUE,stable_route
266,114.160879511723,22.3289018654136,22.3289466,114.1609087,5.80680771799834,TRUE,22.3289466,114.1609087,5.80680771799834,TRUE,TRUE,stable_route
267,114.165162716124,22.328350917857,22.3283532,114.1651611,0.303192490623715,TRUE,22.3283532,114.1651611,0.303192490623715,TRUE,TRUE,stable_route
268,114.171992517796,22.3343387866489,22.3343472,114.171996,1.00117892208049,TRUE,22.3343472,114.171996,1.00117892208049,TRUE,TRUE,stable_route
269,114.141058836356,22.3229883471022,22.3230339,114.141097,6.40477671169498,TRUE,22.3230339,114.141097,6.40477671169498,TRUE,TRUE,stable_route
271,114.178637102477,22.3374724585597,22.3373258,114.1786305,16.3127256275372,TRUE,22.3373258,114.1786305,16.3127256275372,TRUE,TRUE,stable_route
272,114.182624788439,22.3370286279149,22.3368212,114.1826047,23.1443836176382,TRUE,22.3368212,114.1826047,23.1443836176382,TRUE,TRUE,stable_route
280,114.20953697054,22.3243580127677,22.3243418,114.2094224,11.9152536130458,TRUE,22.3243418,114.2094224,11.9152536130458,TRUE,TRUE,stable_route
281,114.199393067552,22.3461701978265,22.3460393,114.1992839,18.3719581197054,TRUE,22.3460393,114.1992839,18.3719581197054,TRUE,TRUE,stable_route
282,114.186026458825,22.3440042374272,22.3440101,114.1860311,0.807509967476048,TRUE,22.3440101,114.1860311,0.807509967476048,TRUE,TRUE,stable_route
283,114.192137205184,22.3363962251725,22.3363192,114.1923389,22.4307058827921,TRUE,22.3363192,114.1923389,22.4307058827921,TRUE,TRUE,stable_route
284,114.197783325531,22.3360709547386,22.336047,114.1977703,2.97991704498912,TRUE,22.336047,114.1977703,2.97991704498912,TRUE,TRUE,stable_route
285,114.189473228515,22.3300491055114,22.3300529,114.1893802,9.57254687452098,TRUE,22.3300529,114.1893802,9.57254687452098,TRUE,TRUE,stable_route
286,114.203735988365,22.3211078941256,22.3211231,114.2047059,99.7268148669807,TRUE,22.3211231,114.2047059,99.7268148669807,TRUE,TRUE,stable_route
287,114.206156064005,22.3353869411362,22.3354413,114.2063664,22.4496140276103,TRUE,22.3354413,114.2063664,22.4496140276103,TRUE,TRUE,stable_route
288,114.212216756957,22.344372613737,22.3448082,114.2126541,66.0619352703925,TRUE,22.3448082,114.2126541,66.0619352703925,TRUE,TRUE,stable_route
290,114.230996785551,22.3037299945153,22.3035568,114.2298377,120.719877950661,TRUE,22.3035568,114.2298377,120.719877950661,TRUE,TRUE,stable_route
291,114.215665383604,22.3285673601191,22.3284759,114.2156863,10.389180533044,TRUE,22.3284759,114.2156863,10.389180533044,TRUE,TRUE,stable_route
292,114.225610098395,22.3280859830456,22.3280751,114.2257279,12.1703245940466,TRUE,22.3280751,114.2257279,12.1703245940466,TRUE,TRUE,stable_route
293,114.234385510876,22.319289292336,22.319192,114.2343082,13.4193940941112,TRUE,22.319192,114.2343082,13.4193940941112,TRUE,TRUE,stable_route
294,114.225455211049,22.3167987297716,22.3166878,114.2255052,13.3563094710475,TRUE,22.3166878,114.2255052,13.3563094710475,TRUE,TRUE,stable_route
295,114.221746379273,22.311525119668,22.3113928,114.2216072,20.5182552298534,TRUE,22.3113928,114.2216072,20.5182552298534,TRUE,TRUE,stable_route
296,114.236405271049,22.3252658862059,22.3252045,114.2359132,51.0441762705451,TRUE,22.3252045,114.2359132,51.0441762705451,TRUE,TRUE,stable_route
297,114.238427283545,22.3088731538252,22.3091307,114.2384114,28.6684211306263,TRUE,22.3091307,114.2384114,28.6684211306263,TRUE,TRUE,stable_route
298,114.239514742952,22.2948116454997,22.2948135,114.2395078,0.743063192356911,TRUE,22.2948135,114.2395078,0.743063192356911,TRUE,TRUE,stable_route
320,114.130919831072,22.337927623323,22.3378181,114.1309637,12.9801435618494,TRUE,22.3378181,114.1309637,12.9801435618494,TRUE,TRUE,stable_route
321,114.127158446842,22.381794382176,22.3817868,114.1271621,0.922470394053879,TRUE,22.3817868,114.1271621,0.922470394053879,TRUE,TRUE,stable_route
322,114.114192703911,22.381095726469,22.3810019,114.1141406,11.7215650855361,TRUE,22.3810019,114.1141406,11.7215650855361,TRUE,TRUE,stable_route
323,114.103561985004,22.376282865987,22.3761827,114.1035478,11.2267835120964,TRUE,22.3761827,114.1035478,11.2267835120964,TRUE,TRUE,stable_route
324,114.114825747895,22.3695101941041,22.3695827,114.1148593,8.76457714468637,TRUE,22.3695827,114.1148593,8.76457714468637,TRUE,TRUE,stable_route
325,114.130223997896,22.3749689319611,22.3751236,114.1299949,29.1504200292774,TRUE,22.3751236,114.1299949,29.1504200292774,TRUE,TRUE,stable_route
326,114.126321700188,22.3629219924672,22.3629184,114.1263246,0.498211282067717,TRUE,22.3629184,114.1263246,0.498211282067717,TRUE,TRUE,stable_route
327,114.139993940323,22.3613277286353,22.3615044,114.1394238,61.7986673117136,TRUE,22.3615044,114.1394238,61.7986673117136,TRUE,TRUE,stable_route
328,114.132297574353,22.3501069798303,22.3501069,114.1322718,2.64921582991046,TRUE,22.3501069,114.1322718,2.64921582991046,TRUE,TRUE,stable_route
329,114.116616234885,22.3590276084559,22.3591586,114.1166867,16.2594688039177,TRUE,22.3591586,114.1166867,16.2594688039177,TRUE,TRUE,stable_route
334,114.078953761487,22.3692899444228,22.3694943,114.0790052,23.3177760140608,TRUE,22.3694943,114.0790052,23.3177760140608,TRUE,TRUE,stable_route
335,114.06292915763,22.3698454643885,22.3697533,114.0628537,12.8469956383073,TRUE,22.3697533,114.0628537,12.8469956383073,TRUE,TRUE,stable_route
336,114.042380120715,22.3623553343624,22.362432,114.0425143,16.2100169906899,TRUE,22.362432,114.0425143,16.2100169906899,TRUE,TRUE,stable_route
350,114.104347705864,22.3402869388419,22.3406153,114.1047938,58.6029020536612,TRUE,22.3406153,114.1047938,58.6029020536612,TRUE,TRUE,stable_route
351,114.091910603333,22.352755712166,22.3529782,114.0918267,26.1864753380451,TRUE,22.3529782,114.0918267,26.1864753380451,TRUE,TRUE,stable_route
421,113.931416558609,22.371532377113,22.3711798,113.9314828,39.7699066854248,TRUE,22.3711798,113.9314828,39.7699066854248,TRUE,TRUE,stable_route
423,113.967263090038,22.401731980785,22.4017661,113.9672755,4.00041726838719,TRUE,22.4017661,113.9672755,4.00041726838719,TRUE,TRUE,stable_route
424,113.974556398141,22.388212494773,22.3882164,113.974237,32.8230256452623,TRUE,22.3882164,113.974237,32.8230256452623,TRUE,TRUE,stable_route
426,113.997352268387,22.3705413951425,22.3703073,113.9975347,32.0673975211351,TRUE,22.3703073,113.9975347,32.0673975211351,TRUE,TRUE,stable_route
427,114.014167297546,22.3705097440274,22.3698312,114.0150766,120.079578159582,TRUE,22.3698312,114.0150766,120.079578159582,TRUE,TRUE,stable_route
428,113.955675455005,22.4037675240848,22.403965,113.955838,27.5779226302919,TRUE,22.403965,113.955838,27.5779226302919,TRUE,TRUE,stable_route
442,113.977403782368,22.4231675449405,22.4231507,113.9772534,15.5618525988833,TRUE,22.4231507,113.9772534,15.5618525988833,TRUE,TRUE,stable_route
510,114.002723020868,22.4620175135088,22.462053,114.0027223,3.94441392332348,TRUE,22.462053,114.0027223,3.94441392332348,TRUE,TRUE,stable_route
511,113.988224263584,22.453163672757,22.4531056,113.9882538,7.13122954219629,TRUE,22.4531056,113.9882538,7.13122954219629,TRUE,TRUE,stable_route
512,113.988636980177,22.435850549427,22.4358397,113.988634,1.2439839679387,TRUE,22.4358397,113.988634,1.2439839679387,TRUE,TRUE,stable_route
514,113.998275363308,22.4766846541525,22.4769984,113.9987094,56.5894227145928,TRUE,22.4769984,113.9987094,56.5894227145928,TRUE,TRUE,stable_route
515,113.999799591425,22.4407905551657,22.4407946,113.9998219,2.33515203642866,TRUE,22.4407946,113.9998219,2.33515203642866,TRUE,TRUE,stable_route
517,114.013662221195,22.4519209457478,22.4519204,114.0138618,20.4986542644005,TRUE,22.4519204,114.0138618,20.4986542644005,TRUE,TRUE,stable_route
518,114.018631288178,22.4326417402131,22.4325595,114.0184256,23.0210059706617,TRUE,22.4325595,114.0184256,23.0210059706617,TRUE,TRUE,stable_route
519,114.007232342979,22.4303537077629,22.4301823,114.0076039,42.6577310020938,TRUE,22.4301823,114.0076039,42.6577310020938,TRUE,TRUE,stable_route
521,114.065666270344,22.4438163070924,22.4438576,114.0657524,9.96619929830808,TRUE,22.4438576,114.0657524,9.96619929830808,TRUE,TRUE,stable_route
522,114.035229235305,22.4168568351222,22.4163403,114.0350182,61.3619121694686,TRUE,22.4163403,114.0350182,61.3619121694686,TRUE,TRUE,stable_route
523,114.039824791271,22.4351474417947,22.4352072,114.0399205,11.8642181389731,TRUE,22.4352072,114.0399205,11.8642181389731,TRUE,TRUE,stable_route
524,114.033312602082,22.4465206926769,22.4462687,114.0332836,28.1626829738611,TRUE,22.4462687,114.0332836,28.1626829738611,TRUE,TRUE,stable_route
525,114.043144424279,22.4519789009026,22.4519718,114.0431848,4.22137075338215,TRUE,22.4519718,114.0431848,4.22137075338215,TRUE,TRUE,stable_route
526,114.060474908067,22.4473257908169,22.4473267,114.060469,0.615186807706296,TRUE,22.4473267,114.060469,0.615186807706296,TRUE,TRUE,stable_route
527,114.021571257455,22.4428441246415,22.4428408,114.0220105,45.1186838027224,TRUE,22.4428408,114.0220105,45.1186838027224,TRUE,TRUE,stable_route
528,114.026640340793,22.4596243407065,22.4600182,114.0267075,44.3108771233375,TRUE,22.4600182,114.0267075,44.3108771233375,TRUE,TRUE,stable_route
529,114.031269952568,22.4375563471176,22.437521,114.0311992,8.26137272854844,TRUE,22.437521,114.0311992,8.26137272854844,TRUE,TRUE,stable_route
531,114.076579113197,22.41611214903,22.416048,114.076583,7.14024646328042,TRUE,22.416048,114.076583,7.14024646328042,TRUE,TRUE,stable_route
532,114.092339958441,22.4509502106211,22.4507358,114.0923437,23.8311872987162,TRUE,22.4507358,114.0923437,23.8311872987162,TRUE,TRUE,stable_route
533,114.105007310032,22.4224340991147,22.4223858,114.1049002,12.2429077167651,TRUE,22.4223858,114.1049002,12.2429077167651,TRUE,TRUE,stable_route
541,114.042461711552,22.4700892339104,22.469885,114.0420661,46.5377566519402,TRUE,22.469885,114.0420661,46.5377566519402,TRUE,TRUE,stable_route
543,114.077228904408,22.4886007709797,22.4888343,114.0775039,38.3520235893028,TRUE,22.4888343,114.0775039,38.3520235893028,TRUE,TRUE,stable_route
544,114.068796957898,22.4714355470367,22.4709619,114.0684097,65.9722839808453,TRUE,22.4709619,114.0684097,65.9722839808453,TRUE,TRUE,stable_route
545,114.098137910864,22.5078933488217,22.5089061,114.098799,131.431150406119,TRUE,22.5089061,114.098799,131.431150406119,TRUE,TRUE,stable_route
546,114.09455339065,22.497405309953,22.4973742,114.0945678,3.76059678196755,TRUE,22.4973742,114.0945678,3.76059678196755,TRUE,TRUE,stable_route
547,114.102081584245,22.4835277950175,22.4833227,114.1016546,49.4157336570162,TRUE,22.4833227,114.1016546,49.4157336570162,TRUE,TRUE,stable_route
548,114.105371176049,22.5119587947211,22.5119699,114.1053196,5.43696074671426,TRUE,22.5119699,114.1053196,5.43696074671426,TRUE,TRUE,stable_route
549,114.095149932102,22.5129457376641,22.513019,114.0952829,15.8946388328049,TRUE,22.513019,114.0952829,15.8946388328049,TRUE,TRUE,stable_route
621,114.117975191559,22.490262619684,22.4899379,114.1175823,54.1275117193012,TRUE,22.4899379,114.1175823,54.1275117193012,TRUE,TRUE,stable_route
622,114.09763623758,22.5268113584704,22.5271044,114.0975113,35.0009920516509,TRUE,22.5271044,114.0975113,35.0009920516509,TRUE,TRUE,stable_route
623,114.11271367799,22.5089425129323,22.5088159,114.112645,15.7386586236001,TRUE,22.5088159,114.112645,15.7386586236001,TRUE,TRUE,stable_route
624,114.127789849023,22.5093004550954,22.5093475,114.1277978,5.2915816773619,TRUE,22.5093475,114.1277978,5.2915816773619,TRUE,TRUE,stable_route
625,114.141633276116,22.4980902290049,22.4980599,114.1415591,8.3285333225904,TRUE,22.4980599,114.1415591,8.3285333225904,TRUE,TRUE,stable_route
626,114.121293904847,22.5044919026358,22.5044872,114.1212906,0.623105215722593,TRUE,22.5044872,114.1212906,0.623105215722593,TRUE,TRUE,stable_route
627,114.12611479907,22.496260625459,22.4963507,114.1262339,15.8034641057039,TRUE,22.4963507,114.1262339,15.8034641057039,TRUE,TRUE,stable_route
628,114.139703183279,22.487419203607,22.487392,114.1397875,9.17053475683674,TRUE,22.487392,114.1397875,9.17053475683674,TRUE,TRUE,stable_route
629,114.130673077524,22.5154453161722,22.5155247,114.130735,10.8739609721693,TRUE,22.5155247,114.130735,10.8739609721693,TRUE,TRUE,stable_route
631,114.150003860779,22.4748461720104,22.4747431,114.1498417,20.2118932099995,TRUE,22.4747431,114.1498417,20.2118932099995,TRUE,TRUE,stable_route
634,114.166857981724,22.5037948532262,22.5038504,114.1673256,48.4058977562564,TRUE,22.5038504,114.1673256,48.4058977562564,TRUE,TRUE,stable_route
722,114.17830581405,22.465703120602,22.4658484,114.1791802,91.2383222714192,TRUE,22.4658484,114.1791802,91.2383222714192,TRUE,TRUE,stable_route
723,114.166089863833,22.445835672764,22.4458064,114.1661362,5.76494440474621,TRUE,22.4458064,114.1661362,5.76494440474621,TRUE,TRUE,stable_route
725,114.162978439673,22.4304964647116,22.4304421,114.1629754,6.0497752767908,TRUE,22.4304421,114.1629754,6.0497752767908,TRUE,TRUE,stable_route
726,114.168967599217,22.4528778019438,22.4528879,114.1689672,1.12297576605008,TRUE,22.4528879,114.1689672,1.12297576605008,TRUE,TRUE,stable_route
727,114.187787008434,22.456153377376,22.456131,114.1877871,2.48688198069935,TRUE,22.456131,114.1877871,2.48688198069935,TRUE,TRUE,stable_route
728,114.206581833929,22.4636747738817,22.4636426,114.2066169,5.07485272581601,TRUE,22.4636426,114.2066169,5.07485272581601,TRUE,TRUE,stable_route
729,114.192567055814,22.4330521034942,22.4332662,114.1926463,25.1471330894234,TRUE,22.4332662,114.1926463,25.1471330894234,TRUE,TRUE,stable_route
751,114.192959991085,22.4244406684761,22.4244418,114.1929605,0.136184513700512,TRUE,22.4244418,114.1929605,0.136184513700512,TRUE,TRUE,stable_route
753,114.200300996023,22.4063787454118,22.4069025,114.2006922,70.7353431063282,TRUE,22.4069025,114.2006922,70.7353431063282,TRUE,TRUE,stable_route
754,114.170534286284,22.3764450486204,22.3764108,114.1705446,3.95096796701244,TRUE,22.3764108,114.1705446,3.95096796701244,TRUE,TRUE,stable_route
755,114.196163354627,22.3777000230396,22.3776242,114.1960684,12.892707946377,TRUE,22.3776242,114.1960684,12.892707946377,TRUE,TRUE,stable_route
756,114.212842923518,22.3882981554477,22.3882982,114.2128468,0.398363295851953,TRUE,22.3882982,114.2128468,0.398363295851953,TRUE,TRUE,stable_route
757,114.237716463828,22.4169953575417,22.41724,114.238517,86.6203714172045,TRUE,22.41724,114.238517,86.6203714172045,TRUE,TRUE,stable_route
758,114.189999019119,22.3865122041731,22.3863349,114.1901519,25.2002909666555,TRUE,22.3863349,114.1901519,25.2002909666555,TRUE,TRUE,stable_route
759,114.17795029431,22.3659256876509,22.3659039,114.1770676,90.7492030251661,TRUE,22.3659039,114.1770676,90.7492030251661,TRUE,TRUE,stable_route
820,114.245516976125,22.3554010361073,22.3553211,114.2454166,13.614393562994,TRUE,22.3553211,114.2454166,13.614393562994,TRUE,TRUE,stable_route
822,114.27508350147,22.3947905467767,22.3947948,114.2751019,1.94866986032178,TRUE,22.3947948,114.2751019,1.94866986032178,TRUE,TRUE,stable_route
825,114.26316677952,22.3814812676415,22.3811284,114.263075,40.3334253022887,TRUE,22.3811284,114.263075,40.3334253022887,TRUE,TRUE,stable_route
826,114.271019072549,22.3805009289407,22.380539,114.2711413,13.2537849528813,TRUE,22.380539,114.2711413,13.2537849528813,TRUE,TRUE,stable_route
827,114.269926448527,22.3760478342415,22.3761627,114.2699115,12.8574730094909,TRUE,22.3761627,114.2699115,12.8574730094909,TRUE,TRUE,stable_route
828,114.27405889113,22.385441735033,22.3854702,114.2740175,5.30070577935422,TRUE,22.3854702,114.2740175,5.30070577935422,TRUE,TRUE,stable_route
831,114.261884670346,22.3288341784267,22.3289133,114.2621339,27.0876986196351,TRUE,22.3289133,114.2621339,27.0876986196351,TRUE,TRUE,stable_route
832,114.286278660479,22.2855026565229,22.2855657,114.2868602,60.2098616749449,TRUE,22.2855657,114.2868602,60.2098616749449,TRUE,TRUE,stable_route
835,114.249143155192,22.3131610443123,22.3135126,114.2494387,49.4943697731363,TRUE,22.3135126,114.2494387,49.4943697731363,TRUE,TRUE,stable_route
836,114.254406317374,22.3273865198951,22.3273226,114.2544181,7.20613699571092,TRUE,22.3273226,114.2544181,7.20613699571092,TRUE,TRUE,stable_route
837,114.26647585719,22.3186761562915,22.3186637,114.266393,8.63009285565254,TRUE,22.3186637,114.266393,8.63009285565254,TRUE,TRUE,stable_route
838,114.260696443758,22.3078464914414,22.3078469,114.2606977,0.136909327549931,TRUE,22.3078469,114.2606977,0.136909327549931,TRUE,TRUE,stable_route
839,114.273513091172,22.2903912405823,22.2903905,114.273509,0.42866381336786,TRUE,22.2903905,114.273509,0.42866381336786,TRUE,TRUE,stable_route
951,113.925158611812,22.3083447430452,22.3031733,113.9308291,818.667397793717,TRUE,22.3031733,113.9308291,818.667397793717,TRUE,TRUE,stable_route
971,114.011041285918,22.2959122569952,22.2961207,114.0115872,60.7251834338317,TRUE,22.2961207,114.0115872,60.7251834338317,TRUE,TRUE,stable_route
972,113.994881947621,22.3089562430198,22.3096678,113.9948699,79.0871393917486,TRUE,22.3096678,113.9948699,79.0871393917486,TRUE,TRUE,stable_route
975,114.060516002193,22.3490352368712,22.3495274,114.06058,55.0896845800985,TRUE,22.3495274,114.06058,55.0896845800985,TRUE,TRUE,stable_route
