from_id,to_id,travel_time_p25,travel_time_p50,travel_time_p75,runs_present_p50,p50_run_sd,p50_run_range
111,HG,101.0,105.0,110.0,5,0.5477225575051661,1.0
111,HYW,105.0,106.0,107.0,5,0.0,0.0
111,LMC,90.0,91.0,92.0,5,0.0,0.0
111,LW,85.0,86.0,87.0,5,0.0,0.0
111,MKT,96.0,97.0,98.0,5,0.0,0.0
111,SB,107.0,111.0,115.0,5,0.8944271909999159,2.0
112,HG,86.0,89.0,93.0,5,0.4472135954999579,1.0
112,HYW,97.0,99.0,100.0,5,0.4472135954999579,1.0
112,LMC,80.0,81.0,83.0,5,0.0,0.0
112,LW,75.0,76.0,78.0,5,0.0,0.0
112,MKT,88.0,90.0,91.0,5,0.4472135954999579,1.0
112,SB,94.0,97.0,100.0,5,0.7071067811865476,2.0
113,HG,85.0,89.0,94.0,5,0.4472135954999579,1.0
113,HYW,90.0,92.0,93.0,5,0.0,0.0
113,LMC,76.0,77.0,78.0,5,0.0,0.0
113,LW,71.0,72.0,73.0,5,0.0,0.0
113,MKT,81.0,83.0,84.0,5,0.0,0.0
113,SB,92.0,96.0,99.0,5,0.8944271909999159,2.0
114,HG,79.0,83.0,89.0,5,0.4472135954999579,1.0
114,HYW,89.0,90.0,92.0,5,0.0,0.0
114,LMC,74.0,75.0,76.0,5,0.0,0.0
114,LW,69.0,70.0,71.0,5,0.0,0.0
114,MKT,80.0,81.0,82.0,5,0.0,0.0
114,SB,89.0,91.0,94.0,5,0.4472135954999579,1.0
115,HG,83.0,87.0,92.0,5,0.8366600265340756,2.0
115,HYW,89.0,90.0,92.0,5,0.0,0.0
115,LMC,74.0,75.0,76.0,5,0.0,0.0
115,LW,69.0,70.0,71.0,5,0.0,0.0
115,MKT,80.0,81.0,83.0,5,0.0,0.0
115,SB,95.0,99.0,102.0,5,0.4472135954999579,1.0
116,HG,91.0,94.0,98.0,5,0.4472135954999579,1.0
116,HYW,95.0,96.0,98.0,5,0.0,0.0
116,LMC,80.0,82.0,83.0,5,0.0,0.0
116,LW,75.0,77.0,78.0,5,0.0,0.0
116,MKT,86.0,87.0,88.0,5,0.0,0.0
116,SB,99.0,102.0,105.0,5,0.5477225575051661,1.0
121S,HG,78.0,82.0,85.0,5,0.5477225575051661,1.0
121S,HYW,84.0,86.0,87.0,5,0.4472135954999579,1.0
121S,LMC,70.0,71.0,72.0,5,0.0,0.0
121S,LW,65.0,66.0,67.0,5,0.0,0.0
121S,MKT,75.0,77.0,78.0,5,0.5477225575051661,1.0
121S,SB,86.0,88.0,90.0,5,0.0,0.0
122,HG,81.0,85.0,88.0,5,0.5477225575051661,1.0
122,HYW,89.0,90.0,92.0,5,0.5477225575051661,1.0
122,LMC,74.0,75.0,76.0,5,0.0,0.0
122,LW,69.0,70.0,71.0,5,0.0,0.0
122,MKT,79.0,81.0,83.0,5,0.0,0.0
122,SB,90.0,92.0,94.0,5,0.5477225575051661,1.0
131,HG,78.0,82.0,87.0,5,0.8366600265340756,2.0
131,HYW,85.0,86.0,88.0,5,0.5477225575051661,1.0
131,LMC,71.0,71.0,72.0,5,0.5477225575051661,1.0
131,LW,66.0,66.0,67.0,5,0.5477225575051661,1.0
131,MKT,76.0,77.0,79.0,5,0.0,0.0
131,SB,89.0,91.0,93.0,5,0.0,0.0
132,HG,83.0,87.0,91.0,5,0.7071067811865476,2.0
132,HYW,85.0,87.0,88.0,5,0.0,0.0
132,LMC,71.0,72.0,73.0,5,0.0,0.0
132,LW,66.0,67.0,68.0,5,0.0,0.0
132,MKT,76.0,77.0,79.0,5,0.5477225575051661,1.0
132,SB,92.0,94.0,96.0,5,0.4472135954999579,1.0
133,HG,84.0,88.0,91.0,5,0.7071067811865476,2.0
133,HYW,86.0,87.0,88.0,5,0.0,0.0
133,LMC,71.0,72.0,73.0,5,0.0,0.0
133,LW,66.0,67.0,68.0,5,0.0,0.0
133,MKT,77.0,78.0,79.0,5,0.0,0.0
133,SB,90.0,92.0,94.0,5,0.0,0.0
134S,HG,76.0,79.0,81.0,5,0.5477225575051661,1.0
134S,HYW,74.0,76.0,77.0,5,0.4472135954999579,1.0
134S,LMC,59.0,60.0,61.0,5,0.0,0.0
134S,LW,54.0,55.0,56.0,5,0.0,0.0
134S,MKT,65.0,66.0,68.0,5,0.4472135954999579,1.0
134S,SB,78.0,80.0,82.0,5,0.0,0.0
140,HG,96.0,100.0,106.0,5,0.8366600265340756,2.0
140,HYW,99.0,101.0,103.0,5,0.0,0.0
140,LMC,84.0,86.0,88.0,5,0.0,0.0
140,LW,79.0,81.0,83.0,5,0.0,0.0
140,MKT,90.0,92.0,94.0,5,0.0,0.0
140,SB,109.0,114.0,117.0,5,0.5477225575051661,1.0
141,HG,103.0,108.0,113.0,5,0.5477225575051661,1.0
141,HYW,113.0,115.0,117.0,5,0.0,0.0
141,LMC,91.0,92.0,94.0,5,0.5477225575051661,1.0
141,LW,86.0,87.0,89.0,5,0.5477225575051661,1.0
141,MKT,104.0,106.0,108.0,5,0.0,0.0
141,SB,113.0,117.0,,5,0.4472135954999579,1.0
142,HG,89.0,92.0,96.0,5,0.5477225575051661,1.0
142,HYW,90.0,91.0,93.0,5,0.5477225575051661,1.0
142,LMC,75.0,76.0,78.0,5,0.5477225575051661,1.0
142,LW,70.0,71.0,73.0,5,0.5477225575051661,1.0
142,MKT,81.0,82.0,84.0,5,0.4472135954999579,1.0
142,SB,100.0,102.0,104.0,5,0.5477225575051661,1.0
143,HG,92.0,96.0,101.0,5,1.3038404810405297,3.0
143,HYW,93.0,95.0,97.0,5,0.0,0.0
143,LMC,78.0,80.0,81.0,5,0.4472135954999579,1.0
143,LW,73.0,75.0,76.0,5,0.4472135954999579,1.0
143,MKT,84.0,86.0,88.0,5,0.0,0.0
143,SB,102.0,107.0,111.0,5,1.3038404810405297,3.0
144,HG,91.0,96.0,102.0,5,0.8366600265340756,2.0
144,HYW,92.0,95.0,99.0,5,0.5477225575051661,1.0
144,LMC,77.0,81.0,83.0,5,0.5477225575051661,1.0
144,LW,72.0,76.0,78.0,5,0.5477225575051661,1.0
144,MKT,83.0,86.0,90.0,5,0.4472135954999579,1.0
144,SB,107.0,110.0,112.0,5,0.0,0.0
145,HG,97.0,102.0,107.0,5,0.5477225575051661,1.0
145,HYW,100.0,102.0,103.0,5,0.0,0.0
145,LMC,86.0,87.0,88.0,5,0.0,0.0
145,LW,81.0,82.0,83.0,5,0.0,0.0
145,MKT,91.0,93.0,94.0,5,0.4472135954999579,1.0
145,SB,111.0,114.0,117.0,5,0.8366600265340756,2.0
146S,HG,88.0,93.0,98.0,5,0.5477225575051661,1.0
146S,HYW,89.0,90.0,92.0,5,0.4472135954999579,1.0
146S,LMC,75.0,76.0,77.0,5,0.0,0.0
146S,LW,70.0,71.0,72.0,5,0.0,0.0
146S,MKT,80.0,81.0,83.0,5,0.0,0.0
146S,SB,100.0,103.0,106.0,5,1.0,2.0
148,HG,95.0,99.0,105.0,5,0.8944271909999159,2.0
148,HYW,96.0,98.0,101.0,5,0.4472135954999579,1.0
148,LMC,81.0,83.0,85.0,5,0.0,0.0
148,LW,76.0,78.0,80.0,5,0.0,0.0
148,MKT,87.0,89.0,92.0,5,0.4472135954999579,1.0
148,SB,108.0,113.0,116.0,5,0.5477225575051661,1.0
149,HG,98.0,104.0,111.0,5,0.8366600265340756,2.0
149,HYW,101.0,104.0,107.0,5,0.5477225575051661,1.0
149,LMC,83.0,84.0,86.0,5,0.0,0.0
149,LW,78.0,79.0,81.0,5,0.0,0.0
149,MKT,92.0,95.0,98.0,5,0.5477225575051661,1.0
149,SB,112.0,118.0,,5,0.5477225575051661,1.0
151,HG,91.0,95.0,100.0,5,1.0,2.0
151,HYW,91.0,93.0,95.0,5,0.4472135954999579,1.0
151,LMC,77.0,78.0,80.0,5,0.5477225575051661,1.0
151,LW,72.0,73.0,75.0,5,0.5477225575051661,1.0
151,MKT,82.0,84.0,86.0,5,0.0,0.0
151,SB,103.0,106.0,109.0,5,0.5477225575051661,1.0
152,HG,99.0,104.0,110.0,5,0.8366600265340756,2.0
152,HYW,100.0,103.0,106.0,5,0.8366600265340756,2.0
152,LMC,84.0,87.0,88.0,5,0.5477225575051661,1.0
152,LW,79.0,82.0,83.0,5,0.5477225575051661,1.0
152,MKT,91.0,94.0,97.0,5,0.7071067811865476,2.0
152,SB,114.0,117.0,,5,0.8366600265340756,2.0
153,HG,90.0,94.0,98.0,5,0.4472135954999579,1.0
153,HYW,94.0,96.0,98.0,5,0.0,0.0
153,LMC,79.0,81.0,83.0,5,0.4472135954999579,1.0
153,LW,74.0,76.0,78.0,5,0.4472135954999579,1.0
153,MKT,85.0,87.0,88.0,5,0.5477225575051661,1.0
153,SB,99.0,102.0,107.0,5,0.8366600265340756,2.0
154,HG,101.0,106.0,110.0,5,0.0,0.0
154,HYW,102.0,104.0,107.0,5,0.5477225575051661,1.0
154,LMC,88.0,90.0,92.0,5,0.0,0.0
154,LW,83.0,85.0,87.0,5,0.0,0.0
154,MKT,93.0,95.0,98.0,5,0.5477225575051661,1.0
154,SB,109.0,113.0,117.0,5,0.4472135954999579,1.0
155,HG,96.0,100.0,106.0,5,1.140175425099138,3.0
155,HYW,96.0,97.0,99.0,5,0.0,0.0
155,LMC,79.0,80.0,81.0,5,0.0,0.0
155,LW,74.0,75.0,76.0,5,0.0,0.0
155,MKT,87.0,88.0,90.0,5,0.0,0.0
155,SB,106.0,110.0,113.0,5,0.5477225575051661,1.0
157,HG,93.0,97.0,102.0,5,0.8944271909999159,2.0
157,HYW,93.0,95.0,98.0,5,0.5477225575051661,1.0
157,LMC,78.0,81.0,83.0,5,0.5477225575051661,1.0
157,LW,73.0,76.0,78.0,5,0.5477225575051661,1.0
157,MKT,84.0,86.0,89.0,5,0.5477225575051661,1.0
157,SB,106.0,110.0,115.0,5,0.4472135954999579,1.0
161,HG,99.0,103.0,107.0,5,0.8944271909999159,2.0
161,HYW,98.0,101.0,103.0,5,0.5477225575051661,1.0
161,LMC,84.0,87.0,88.0,5,0.5477225575051661,1.0
161,LW,79.0,82.0,83.0,5,0.5477225575051661,1.0
161,MKT,89.0,92.0,94.0,5,0.5477225575051661,1.0
161,SB,112.0,116.0,119.0,5,0.8366600265340756,2.0
162,LMC,101.0,105.0,111.0,5,0.4472135954999579,1.0
162,LW,95.0,100.0,104.0,5,0.0,0.0
162,MKT,113.0,115.0,118.0,5,0.4472135954999579,1.0
163,HG,113.0,117.0,,5,0.4472135954999579,1.0
163,HYW,111.0,113.0,114.0,5,0.5477225575051661,1.0
163,LMC,96.0,98.0,100.0,5,0.0,0.0
163,LW,91.0,93.0,94.0,5,0.0,0.0
163,MKT,102.0,103.0,105.0,5,0.5477225575051661,1.0
164S,LMC,98.0,101.0,105.0,5,0.5477225575051661,1.0
164S,LW,93.0,96.0,99.0,5,0.8366600265340756,2.0
164S,MKT,109.0,111.0,114.0,5,0.5477225575051661,1.0
166,HG,107.0,112.0,116.0,5,1.0954451150103321,3.0
166,HYW,106.0,109.0,114.0,5,0.5477225575051661,1.0
166,LMC,91.0,94.0,99.0,5,0.5477225575051661,1.0
166,LW,86.0,89.0,94.0,5,0.5477225575051661,1.0
166,MKT,97.0,100.0,105.0,5,0.5477225575051661,1.0
171,HG,105.0,108.0,113.0,5,0.7071067811865476,2.0
171,HYW,107.0,110.0,112.0,5,0.5477225575051661,1.0
171,LMC,92.0,94.0,96.0,5,0.5477225575051661,1.0
171,LW,87.0,89.0,91.0,5,0.5477225575051661,1.0
171,MKT,98.0,100.0,103.0,5,0.5477225575051661,1.0
171,SB,115.0,118.0,,5,0.4472135954999579,1.0
172,HG,98.0,103.0,108.0,5,1.0,2.0
172,HYW,101.0,104.0,106.0,5,0.4472135954999579,1.0
172,LMC,87.0,90.0,92.0,5,0.5477225575051661,1.0
172,LW,82.0,85.0,87.0,5,0.5477225575051661,1.0
172,MKT,92.0,95.0,97.0,5,0.4472135954999579,1.0
172,SB,111.0,115.0,118.0,5,0.8366600265340756,2.0
173,LMC,102.0,104.0,106.0,5,0.5477225575051661,1.0
173,LW,97.0,98.0,100.0,5,0.4472135954999579,1.0
173,MKT,110.0,111.0,114.0,5,0.4472135954999579,1.0
174,HG,112.0,116.0,119.0,5,0.4472135954999579,1.0
174,HYW,103.0,105.0,107.0,5,0.0,0.0
174,LMC,85.0,87.0,88.0,5,0.4472135954999579,1.0
174,LW,80.0,82.0,83.0,5,0.4472135954999579,1.0
174,MKT,94.0,96.0,98.0,5,0.0,0.0
175S,HG,105.0,109.0,115.0,5,0.5477225575051661,1.0
175S,HYW,95.0,96.0,98.0,5,0.0,0.0
175S,LMC,80.0,82.0,83.0,5,0.0,0.0
175S,LW,75.0,77.0,78.0,5,0.0,0.0
175S,MKT,86.0,87.0,89.0,5,0.0,0.0
175S,SB,112.0,115.0,118.0,5,0.5477225575051661,1.0
181S,HG,113.0,118.0,,5,0.8366600265340756,2.0
181S,HYW,113.0,117.0,,5,0.7071067811865476,2.0
181S,LMC,93.0,97.0,101.0,5,0.7071067811865476,2.0
181S,LW,88.0,92.0,95.0,5,0.7071067811865476,2.0
181S,MKT,104.0,108.0,112.0,5,0.7071067811865476,2.0
191,HG,110.0,115.0,119.0,5,1.0,2.0
191,HYW,114.0,118.0,,5,1.3038404810405297,3.0
191,LMC,89.0,91.0,92.0,5,0.5477225575051661,1.0
191,LW,84.0,86.0,87.0,5,0.5477225575051661,1.0
191,MKT,108.0,113.0,119.0,5,1.3416407864998738,3.0
193S,LMC,112.0,114.0,116.0,5,0.0,0.0
193S,LW,106.0,107.0,109.0,5,0.5477225575051661,1.0
211,HG,71.0,75.0,79.0,5,0.4472135954999579,1.0
211,HYW,86.0,87.0,89.0,5,0.0,0.0
211,LMC,72.0,73.0,74.0,5,0.0,0.0
211,LW,67.0,68.0,69.0,5,0.0,0.0
211,MKT,78.0,79.0,80.0,5,0.0,0.0
211,SB,80.0,83.0,85.0,5,0.5477225575051661,1.0
212,HG,69.0,73.0,79.0,5,0.8366600265340756,2.0
212,HYW,84.0,85.0,86.0,5,0.0,0.0
212,LMC,69.0,70.0,71.0,5,0.0,0.0
212,LW,64.0,65.0,66.0,5,0.0,0.0
212,MKT,75.0,76.0,77.0,5,0.0,0.0
212,SB,81.0,83.0,86.0,5,0.4472135954999579,1.0
213S,HG,77.0,80.0,83.0,5,0.0,0.0
213S,HYW,80.0,82.0,83.0,5,0.5477225575051661,1.0
213S,LMC,66.0,67.0,68.0,5,0.0,0.0
213S,LW,61.0,62.0,63.0,5,0.0,0.0
213S,MKT,71.0,72.0,74.0,5,0.0,0.0
213S,SB,80.0,82.0,84.0,5,0.0,0.0
214,HG,71.0,73.0,75.0,5,0.4472135954999579,1.0
214,HYW,78.0,79.0,81.0,5,0.5477225575051661,1.0
214,LMC,64.0,65.0,67.0,5,0.0,0.0
214,LW,59.0,60.0,62.0,5,0.0,0.0
214,MKT,70.0,71.0,73.0,5,0.5477225575051661,1.0
214,SB,70.0,72.0,74.0,5,0.4472135954999579,1.0
217,HG,78.0,80.0,82.0,5,0.0,0.0
217,HYW,78.0,80.0,81.0,5,0.5477225575051661,1.0
217,LMC,63.0,64.0,65.0,5,0.0,0.0
217,LW,58.0,59.0,60.0,5,0.0,0.0
217,MKT,69.0,70.0,72.0,5,0.4472135954999579,1.0
217,SB,79.0,81.0,82.0,5,0.4472135954999579,1.0
220S,HG,79.0,83.0,87.0,5,0.5477225575051661,1.0
220S,HYW,85.0,86.0,87.0,5,0.0,0.0
220S,LMC,70.0,71.0,72.0,5,0.0,0.0
220S,LW,65.0,66.0,67.0,5,0.0,0.0
220S,MKT,76.0,77.0,78.0,5,0.0,0.0
220S,SB,86.0,87.0,90.0,5,0.5477225575051661,1.0
221,HG,79.0,81.0,83.0,5,0.0,0.0
221,HYW,79.0,80.0,82.0,5,0.0,0.0
221,LMC,64.0,65.0,66.0,5,0.0,0.0
221,LW,59.0,60.0,61.0,5,0.0,0.0
221,MKT,70.0,71.0,72.0,5,0.0,0.0
221,SB,80.0,82.0,84.0,5,0.0,0.0
222,HG,78.0,79.0,81.0,5,0.5477225575051661,1.0
222,HYW,77.0,78.0,80.0,5,0.0,0.0
222,LMC,62.0,63.0,64.0,5,0.0,0.0
222,LW,57.0,58.0,59.0,5,0.0,0.0
222,MKT,68.0,69.0,71.0,5,0.0,0.0
222,SB,78.0,80.0,82.0,5,0.0,0.0
225,HG,73.0,77.0,81.0,5,0.4472135954999579,1.0
225,HYW,84.0,85.0,86.0,5,0.0,0.0
225,LMC,69.0,70.0,71.0,5,0.0,0.0
225,LW,64.0,65.0,66.0,5,0.0,0.0
225,MKT,75.0,76.0,77.0,5,0.0,0.0
225,SB,81.0,82.0,84.0,5,0.5477225575051661,1.0
227,HG,78.0,80.0,83.0,5,0.4472135954999579,1.0
227,HYW,79.0,80.0,82.0,5,0.0,0.0
227,LMC,64.0,65.0,66.0,5,0.0,0.0
227,LW,59.0,60.0,61.0,5,0.0,0.0
227,MKT,70.0,71.0,72.0,5,0.0,0.0
227,SB,80.0,82.0,84.0,5,0.0,0.0
228,HG,72.0,77.0,80.0,5,0.5477225575051661,1.0
228,HYW,80.0,81.0,82.0,5,0.0,0.0
228,LMC,65.0,66.0,67.0,5,0.0,0.0
228,LW,60.0,61.0,62.0,5,0.0,0.0
228,MKT,71.0,72.0,73.0,5,0.0,0.0
228,SB,80.0,82.0,84.0,5,0.0,0.0
229,HG,74.0,77.0,80.0,5,0.8366600265340756,2.0
229,HYW,78.0,79.0,80.0,5,0.0,0.0
229,LMC,63.0,64.0,65.0,5,0.0,0.0
229,LW,58.0,59.0,60.0,5,0.0,0.0
229,MKT,69.0,70.0,71.0,5,0.0,0.0
229,SB,79.0,81.0,83.0,5,0.4472135954999579,1.0
231,HG,82.0,85.0,89.0,5,0.8944271909999159,2.0
231,HYW,79.0,81.0,82.0,5,0.0,0.0
231,LMC,64.0,65.0,67.0,5,0.4472135954999579,1.0
231,LW,59.0,60.0,62.0,5,0.4472135954999579,1.0
231,MKT,70.0,71.0,73.0,5,0.5477225575051661,1.0
231,SB,92.0,94.0,96.0,5,0.4472135954999579,1.0
232,HG,84.0,87.0,90.0,5,0.7071067811865476,2.0
232,HYW,85.0,86.0,88.0,5,0.4472135954999579,1.0
232,LMC,67.0,69.0,70.0,5,0.4472135954999579,1.0
232,LW,62.0,64.0,65.0,5,0.4472135954999579,1.0
232,MKT,76.0,77.0,79.0,5,0.0,0.0
232,SB,89.0,91.0,93.0,5,0.0,0.0
233,HG,85.0,88.0,92.0,5,0.0,0.0
233,HYW,85.0,86.0,88.0,5,0.5477225575051661,1.0
233,LMC,69.0,70.0,72.0,5,0.5477225575051661,1.0
233,LW,64.0,65.0,67.0,5,0.5477225575051661,1.0
233,MKT,76.0,77.0,79.0,5,0.0,0.0
233,SB,94.0,96.0,98.0,5,0.4472135954999579,1.0
234,HG,84.0,87.0,90.0,5,0.0,0.0
234,HYW,77.0,79.0,80.0,5,0.5477225575051661,1.0
234,LMC,62.0,63.0,65.0,5,0.5477225575051661,1.0
234,LW,57.0,58.0,60.0,5,0.5477225575051661,1.0
234,MKT,68.0,70.0,71.0,5,0.5477225575051661,1.0
234,SB,90.0,92.0,95.0,5,0.5477225575051661,1.0
235,HG,81.0,85.0,90.0,5,1.140175425099138,3.0
235,HYW,86.0,88.0,89.0,5,0.4472135954999579,1.0
235,LMC,70.0,72.0,73.0,5,0.5477225575051661,1.0
235,LW,65.0,67.0,68.0,5,0.5477225575051661,1.0
235,MKT,77.0,79.0,80.0,5,0.4472135954999579,1.0
235,SB,89.0,92.0,95.0,5,0.4472135954999579,1.0
236,HG,83.0,85.0,87.0,5,0.4472135954999579,1.0
236,HYW,84.0,86.0,87.0,5,0.4472135954999579,1.0
236,LMC,70.0,71.0,72.0,5,0.0,0.0
236,LW,65.0,66.0,67.0,5,0.0,0.0
236,MKT,75.0,77.0,78.0,5,0.5477225575051661,1.0
236,SB,82.0,84.0,86.0,5,0.0,0.0
237,HG,87.0,90.0,92.0,5,0.4472135954999579,1.0
237,HYW,80.0,82.0,83.0,5,0.4472135954999579,1.0
237,LMC,66.0,67.0,68.0,5,0.0,0.0
237,LW,61.0,62.0,63.0,5,0.0,0.0
237,MKT,71.0,72.0,74.0,5,0.5477225575051661,1.0
237,SB,90.0,91.0,93.0,5,0.4472135954999579,1.0
241,HG,77.0,79.0,82.0,5,0.5477225575051661,1.0
241,HYW,71.0,72.0,73.0,5,0.4472135954999579,1.0
241,LMC,55.0,56.0,57.0,5,0.0,0.0
241,LW,50.0,51.0,52.0,5,0.0,0.0
241,MKT,61.0,63.0,64.0,5,0.5477225575051661,1.0
241,SB,80.0,82.0,84.0,5,0.0,0.0
242,HG,84.0,87.0,89.0,5,0.7071067811865476,2.0
242,HYW,77.0,78.0,80.0,5,0.0,0.0
242,LMC,62.0,63.0,64.0,5,0.0,0.0
242,LW,57.0,58.0,59.0,5,0.0,0.0
242,MKT,67.0,69.0,70.0,5,0.0,0.0
242,SB,88.0,89.0,91.0,5,0.4472135954999579,1.0
243,HG,80.0,83.0,86.0,5,0.4472135954999579,1.0
243,HYW,80.0,81.0,83.0,5,0.4472135954999579,1.0
243,LMC,65.0,66.0,68.0,5,0.0,0.0
243,LW,60.0,61.0,63.0,5,0.0,0.0
243,MKT,70.0,72.0,74.0,5,0.0,0.0
243,SB,83.0,85.0,87.0,5,0.5477225575051661,1.0
244,HG,82.0,85.0,88.0,5,0.5477225575051661,1.0
244,HYW,78.0,80.0,82.0,5,0.5477225575051661,1.0
244,LMC,63.0,65.0,67.0,5,0.4472135954999579,1.0
244,LW,58.0,60.0,62.0,5,0.4472135954999579,1.0
244,MKT,69.0,71.0,73.0,5,0.4472135954999579,1.0
244,SB,85.0,88.0,90.0,5,0.4472135954999579,1.0
245,HG,79.0,82.0,85.0,5,0.4472135954999579,1.0
245,HYW,81.0,83.0,85.0,5,0.0,0.0
245,LMC,67.0,68.0,69.0,5,0.0,0.0
245,LW,62.0,63.0,64.0,5,0.0,0.0
245,MKT,72.0,74.0,75.0,5,0.5477225575051661,1.0
245,SB,84.0,85.0,88.0,5,0.5477225575051661,1.0
246,HG,84.0,86.0,90.0,5,0.5477225575051661,1.0
246,HYW,78.0,80.0,81.0,5,0.4472135954999579,1.0
246,LMC,64.0,65.0,66.0,5,0.5477225575051661,1.0
246,LW,59.0,60.0,61.0,5,0.5477225575051661,1.0
246,MKT,69.0,70.0,72.0,5,0.5477225575051661,1.0
246,SB,90.0,92.0,94.0,5,0.0,0.0
247,HG,87.0,89.0,92.0,5,0.4472135954999579,1.0
247,HYW,79.0,80.0,82.0,5,0.0,0.0
247,LMC,63.0,65.0,66.0,5,0.5477225575051661,1.0
247,LW,58.0,60.0,61.0,5,0.5477225575051661,1.0
247,MKT,69.0,71.0,72.0,5,0.0,0.0
247,SB,88.0,90.0,93.0,5,0.4472135954999579,1.0
251S,HG,71.0,73.0,76.0,5,0.5477225575051661,1.0
251S,HYW,79.0,84.0,87.0,5,0.5477225575051661,1.0
251S,LMC,70.0,71.0,72.0,5,0.0,0.0
251S,LW,65.0,66.0,67.0,5,0.0,0.0
251S,MKT,78.0,79.0,80.0,5,0.0,0.0
251S,SB,72.0,74.0,76.0,5,0.4472135954999579,1.0
252,HG,77.0,80.0,82.0,5,0.4472135954999579,1.0
252,HYW,87.0,90.0,93.0,5,0.5477225575051661,1.0
252,LMC,76.0,77.0,78.0,5,0.0,0.0
252,LW,71.0,72.0,73.0,5,0.0,0.0
252,MKT,84.0,86.0,87.0,5,0.0,0.0
252,SB,79.0,81.0,83.0,5,0.0,0.0
253,HG,76.0,78.0,80.0,5,0.4472135954999579,1.0
253,HYW,82.0,84.0,87.0,5,0.4472135954999579,1.0
253,LMC,66.0,67.0,70.0,5,0.5477225575051661,1.0
253,LW,61.0,62.0,65.0,5,0.5477225575051661,1.0
253,MKT,78.0,80.0,82.0,5,0.0,0.0
253,SB,76.0,78.0,80.0,5,0.0,0.0
254,HG,77.0,79.0,83.0,5,0.5477225575051661,1.0
254,HYW,84.0,88.0,91.0,5,0.8944271909999159,2.0
254,LMC,71.0,72.0,74.0,5,0.0,0.0
254,LW,66.0,67.0,69.0,5,0.0,0.0
254,MKT,87.0,88.0,90.0,5,0.4472135954999579,1.0
254,SB,76.0,78.0,80.0,5,0.0,0.0
255,HG,75.0,78.0,80.0,5,0.5477225575051661,1.0
255,HYW,82.0,85.0,88.0,5,0.4472135954999579,1.0
255,LMC,70.0,71.0,72.0,5,0.0,0.0
255,LW,65.0,66.0,67.0,5,0.0,0.0
255,MKT,79.0,83.0,86.0,5,0.8366600265340756,2.0
255,SB,74.0,76.0,77.0,5,0.0,0.0
260,HG,71.0,74.0,76.0,5,0.5477225575051661,1.0
260,HYW,78.0,79.0,81.0,5,0.4472135954999579,1.0
260,LMC,65.0,66.0,67.0,5,0.0,0.0
260,LW,60.0,61.0,62.0,5,0.0,0.0
260,MKT,70.0,71.0,73.0,5,0.5477225575051661,1.0
260,SB,70.0,72.0,73.0,5,0.4472135954999579,1.0
261,HG,93.0,94.0,96.0,5,0.0,0.0
261,HYW,92.0,96.0,98.0,5,0.5477225575051661,1.0
261,LMC,77.0,80.0,82.0,5,0.4472135954999579,1.0
261,LW,72.0,75.0,77.0,5,0.4472135954999579,1.0
261,MKT,84.0,88.0,92.0,5,1.0954451150103321,3.0
261,SB,91.0,93.0,95.0,5,0.4472135954999579,1.0
262,HG,90.0,92.0,94.0,5,0.4472135954999579,1.0
262,HYW,92.0,94.0,96.0,5,0.0,0.0
262,LMC,76.0,77.0,79.0,5,0.0,0.0
262,LW,71.0,72.0,74.0,5,0.0,0.0
262,MKT,85.0,87.0,89.0,5,0.4472135954999579,1.0
262,SB,88.0,90.0,93.0,5,0.4472135954999579,1.0
263,HG,94.0,97.0,100.0,5,0.5477225575051661,1.0
263,HYW,87.0,90.0,93.0,5,0.7071067811865476,2.0
263,LMC,70.0,71.0,72.0,5,0.0,0.0
263,LW,65.0,66.0,67.0,5,0.0,0.0
263,MKT,81.0,83.0,85.0,5,0.4472135954999579,1.0
263,SB,87.0,90.0,93.0,5,0.0,0.0
264,HG,79.0,81.0,83.0,5,0.4472135954999579,1.0
264,HYW,84.0,86.0,89.0,5,0.0,0.0
264,LMC,69.0,70.0,71.0,5,0.0,0.0
264,LW,64.0,65.0,66.0,5,0.0,0.0
264,MKT,77.0,79.0,82.0,5,0.5477225575051661,1.0
264,SB,78.0,79.0,81.0,5,0.4472135954999579,1.0
265,HG,80.0,81.0,84.0,5,0.5477225575051661,1.0
265,HYW,86.0,87.0,89.0,5,0.0,0.0
265,LMC,67.0,68.0,69.0,5,0.0,0.0
265,LW,62.0,63.0,64.0,5,0.0,0.0
265,MKT,77.0,80.0,83.0,5,0.5477225575051661,1.0
265,SB,80.0,82.0,83.0,5,0.5477225575051661,1.0
266,HG,80.0,82.0,85.0,5,0.5477225575051661,1.0
266,HYW,84.0,85.0,86.0,5,0.0,0.0
266,LMC,65.0,67.0,68.0,5,0.5477225575051661,1.0
266,LW,60.0,62.0,63.0,5,0.5477225575051661,1.0
266,MKT,75.0,76.0,77.0,5,0.0,0.0
266,SB,82.0,84.0,85.0,5,0.0,0.0
267,HG,76.0,79.0,81.0,5,0.5477225575051661,1.0
267,HYW,78.0,79.0,81.0,5,0.4472135954999579,1.0
267,LMC,63.0,64.0,65.0,5,0.0,0.0
267,LW,58.0,59.0,60.0,5,0.0,0.0
267,MKT,69.0,70.0,72.0,5,0.0,0.0
267,SB,78.0,80.0,82.0,5,0.0,0.0
268,HG,79.0,81.0,83.0,5,0.0,0.0
268,HYW,74.0,76.0,78.0,5,0.0,0.0
268,LMC,60.0,61.0,62.0,5,0.0,0.0
268,LW,55.0,56.0,57.0,5,0.0,0.0
268,MKT,65.0,67.0,68.0,5,0.0,0.0
268,SB,78.0,80.0,82.0,5,0.0,0.0
269,HG,90.0,94.0,98.0,5,0.8944271909999159,2.0
269,HYW,97.0,101.0,106.0,5,1.140175425099138,3.0
269,LMC,90.0,93.0,96.0,5,0.4472135954999579,1.0
269,LW,85.0,88.0,91.0,5,0.4472135954999579,1.0
269,MKT,98.0,105.0,112.0,5,1.7320508075688772,4.0
269,SB,88.0,92.0,96.0,5,0.8366600265340756,2.0
271,HG,72.0,74.0,77.0,5,0.4472135954999579,1.0
271,HYW,69.0,70.0,72.0,5,0.0,0.0
271,LMC,54.0,55.0,56.0,5,0.0,0.0
271,LW,49.0,50.0,51.0,5,0.0,0.0
271,MKT,59.0,61.0,62.0,5,0.4472135954999579,1.0
271,SB,71.0,73.0,75.0,5,0.0,0.0
272,HG,85.0,87.0,90.0,5,0.8366600265340756,2.0
272,HYW,75.0,76.0,79.0,5,0.5477225575051661,1.0
272,LMC,60.0,61.0,63.0,5,0.0,0.0
272,LW,55.0,56.0,58.0,5,0.0,0.0
272,MKT,65.0,67.0,69.0,5,0.0,0.0
272,SB,84.0,86.0,88.0,5,0.4472135954999579,1.0
280,HG,86.0,90.0,95.0,5,0.8944271909999159,2.0
280,HYW,88.0,90.0,91.0,5,0.0,0.0
280,LMC,71.0,72.0,73.0,5,0.0,0.0
280,LW,66.0,67.0,68.0,5,0.0,0.0
280,MKT,80.0,81.0,83.0,5,0.4472135954999579,1.0
280,SB,95.0,98.0,101.0,5,0.4472135954999579,1.0
281,HG,97.0,100.0,102.0,5,0.4472135954999579,1.0
281,HYW,83.0,85.0,86.0,5,0.4472135954999579,1.0
281,LMC,65.0,67.0,68.0,5,0.0,0.0
281,LW,60.0,62.0,63.0,5,0.0,0.0
281,MKT,75.0,76.0,77.0,5,0.4472135954999579,1.0
281,SB,98.0,100.0,102.0,5,0.7071067811865476,2.0
282,HG,94.0,98.0,100.0,5,0.5477225575051661,1.0
282,HYW,78.0,79.0,81.0,5,0.5477225575051661,1.0
282,LMC,62.0,63.0,64.0,5,0.0,0.0
282,LW,57.0,58.0,59.0,5,0.0,0.0
282,MKT,69.0,70.0,72.0,5,0.0,0.0
282,SB,92.0,95.0,97.0,5,0.4472135954999579,1.0
283,HG,96.0,99.0,101.0,5,0.4472135954999579,1.0
283,HYW,85.0,86.0,87.0,5,0.0,0.0
283,LMC,66.0,67.0,68.0,5,0.0,0.0
283,LW,61.0,62.0,63.0,5,0.0,0.0
283,MKT,76.0,77.0,78.0,5,0.0,0.0
283,SB,98.0,100.0,102.0,5,0.5477225575051661,1.0
284,HG,91.0,94.0,97.0,5,0.7071067811865476,2.0
284,HYW,76.0,78.0,79.0,5,0.0,0.0
284,LMC,62.0,63.0,64.0,5,0.0,0.0
284,LW,57.0,58.0,59.0,5,0.0,0.0
284,MKT,67.0,68.0,70.0,5,0.5477225575051661,1.0
284,SB,96.0,98.0,100.0,5,0.0,0.0
285,HG,90.0,93.0,96.0,5,0.0,0.0
285,HYW,80.0,82.0,84.0,5,0.4472135954999579,1.0
285,LMC,66.0,67.0,68.0,5,0.0,0.0
285,LW,61.0,62.0,63.0,5,0.0,0.0
285,MKT,71.0,73.0,75.0,5,0.0,0.0
285,SB,94.0,96.0,98.0,5,0.4472135954999579,1.0
286,HG,87.0,91.0,94.0,5,0.4472135954999579,1.0
286,HYW,94.0,96.0,98.0,5,0.5477225575051661,1.0
286,LMC,78.0,79.0,81.0,5,0.0,0.0
286,LW,73.0,74.0,76.0,5,0.0,0.0
286,MKT,85.0,87.0,90.0,5,0.8366600265340756,2.0
286,SB,92.0,95.0,98.0,5,0.8366600265340756,2.0
287,HG,89.0,92.0,96.0,5,0.4472135954999579,1.0
287,HYW,80.0,81.0,82.0,5,0.0,0.0
287,LMC,64.0,65.0,66.0,5,0.4472135954999579,1.0
287,LW,59.0,60.0,61.0,5,0.4472135954999579,1.0
287,MKT,71.0,72.0,74.0,5,0.4472135954999579,1.0
287,SB,95.0,97.0,99.0,5,0.4472135954999579,1.0
288S,HYW,111.0,114.0,117.0,5,0.7071067811865476,2.0
288S,LMC,91.0,94.0,97.0,5,0.0,0.0
288S,LW,86.0,89.0,92.0,5,0.0,0.0
290,HG,94.0,98.0,103.0,5,0.5477225575051661,1.0
290,HYW,100.0,103.0,105.0,5,0.5477225575051661,1.0
290,LMC,83.0,85.0,87.0,5,0.5477225575051661,1.0
290,LW,78.0,80.0,82.0,5,0.5477225575051661,1.0
290,MKT,95.0,97.0,100.0,5,0.4472135954999579,1.0
290,SB,103.0,108.0,113.0,5,0.5477225575051661,1.0
291,HG,85.0,92.0,98.0,5,1.0,2.0
291,HYW,87.0,88.0,89.0,5,0.0,0.0
291,LMC,70.0,71.0,72.0,5,0.0,0.0
291,LW,65.0,66.0,67.0,5,0.0,0.0
291,MKT,78.0,79.0,81.0,5,0.0,0.0
291,SB,102.0,104.0,106.0,5,0.0,0.0
292,HG,95.0,101.0,106.0,5,0.8366600265340756,2.0
292,HYW,95.0,98.0,102.0,5,0.5477225575051661,1.0
292,LMC,77.0,79.0,80.0,5,0.4472135954999579,1.0
292,LW,72.0,74.0,75.0,5,0.4472135954999579,1.0
292,MKT,94.0,96.0,98.0,5,0.0,0.0
292,SB,110.0,112.0,115.0,5,0.5477225575051661,1.0
293S,HG,96.0,101.0,106.0,5,1.140175425099138,3.0
293S,HYW,98.0,100.0,103.0,5,0.4472135954999579,1.0
293S,LMC,81.0,83.0,84.0,5,0.0,0.0
293S,LW,76.0,78.0,79.0,5,0.0,0.0
293S,MKT,92.0,94.0,97.0,5,0.5477225575051661,1.0
293S,SB,109.0,111.0,114.0,5,0.7071067811865476,2.0
294,HG,91.0,96.0,101.0,5,0.8366600265340756,2.0
294,HYW,92.0,93.0,94.0,5,0.0,0.0
294,LMC,75.0,76.0,77.0,5,0.4472135954999579,1.0
294,LW,70.0,71.0,72.0,5,0.4472135954999579,1.0
294,MKT,83.0,84.0,85.0,5,0.0,0.0
294,SB,106.0,109.0,111.0,5,0.5477225575051661,1.0
295,HG,87.0,93.0,100.0,5,1.140175425099138,3.0
295,HYW,88.0,89.0,90.0,5,0.0,0.0
295,LMC,71.0,72.0,73.0,5,0.0,0.0
295,LW,66.0,67.0,68.0,5,0.0,0.0
295,MKT,79.0,80.0,82.0,5,0.4472135954999579,1.0
295,SB,103.0,106.0,108.0,5,0.5477225575051661,1.0
297,HG,93.0,99.0,105.0,5,1.0,2.0
297,HYW,96.0,98.0,99.0,5,0.5477225575051661,1.0
297,LMC,80.0,80.0,82.0,5,0.0,0.0
297,LW,75.0,75.0,77.0,5,0.0,0.0
297,MKT,88.0,89.0,90.0,5,0.0,0.0
297,SB,112.0,115.0,117.0,5,0.5477225575051661,1.0
298,HG,93.0,98.0,103.0,5,1.0954451150103321,3.0
298,HYW,92.0,93.0,94.0,5,0.0,0.0
298,LMC,76.0,76.0,78.0,5,0.0,0.0
298,LW,71.0,71.0,73.0,5,0.0,0.0
298,MKT,83.0,84.0,85.0,5,0.0,0.0
298,SB,106.0,109.0,112.0,5,0.4472135954999579,1.0
320S,HG,94.0,96.0,99.0,5,0.5477225575051661,1.0
320S,HYW,101.0,103.0,107.0,5,0.5477225575051661,1.0
320S,LMC,77.0,78.0,80.0,5,0.0,0.0
320S,LW,72.0,73.0,75.0,5,0.0,0.0
320S,MKT,102.0,105.0,108.0,5,0.5477225575051661,1.0
320S,SB,90.0,93.0,96.0,5,0.4472135954999579,1.0
322,HG,71.0,75.0,79.0,5,0.8366600265340756,2.0
322,HYW,87.0,91.0,95.0,5,0.5477225575051661,1.0
322,LMC,80.0,83.0,86.0,5,0.0,0.0
322,LW,75.0,78.0,81.0,5,0.0,0.0
322,MKT,95.0,99.0,102.0,5,0.5477225575051661,1.0
322,SB,77.0,81.0,83.0,5,0.0,0.0
323,HG,70.0,74.0,77.0,5,0.5477225575051661,1.0
323,HYW,81.0,85.0,89.0,5,0.4472135954999579,1.0
323,LMC,76.0,77.0,79.0,5,0.5477225575051661,1.0
323,LW,71.0,72.0,74.0,5,0.5477225575051661,1.0
323,MKT,82.0,85.0,89.0,5,0.8366600265340756,2.0
323,SB,71.0,73.0,75.0,5,0.7071067811865476,2.0
325,HG,81.0,84.0,88.0,5,0.5477225575051661,1.0
325,HYW,88.0,91.0,94.0,5,0.4472135954999579,1.0
325,LMC,78.0,79.0,80.0,5,0.4472135954999579,1.0
325,LW,73.0,74.0,75.0,5,0.4472135954999579,1.0
325,MKT,85.0,87.0,88.0,5,0.0,0.0
325,SB,82.0,84.0,86.0,5,0.4472135954999579,1.0
326,HG,80.0,82.0,84.0,5,0.5477225575051661,1.0
326,HYW,87.0,90.0,92.0,5,0.5477225575051661,1.0
326,LMC,70.0,71.0,73.0,5,0.0,0.0
326,LW,65.0,66.0,68.0,5,0.0,0.0
326,MKT,83.0,84.0,86.0,5,0.0,0.0
326,SB,79.0,81.0,83.0,5,0.4472135954999579,1.0
327,HG,92.0,95.0,98.0,5,0.0,0.0
327,HYW,88.0,90.0,92.0,5,0.5477225575051661,1.0
327,LMC,74.0,76.0,78.0,5,0.0,0.0
327,LW,69.0,71.0,73.0,5,0.0,0.0
327,MKT,81.0,82.0,84.0,5,0.0,0.0
327,SB,89.0,91.0,94.0,5,0.5477225575051661,1.0
328,HG,85.0,89.0,93.0,5,0.8366600265340756,2.0
328,HYW,94.0,96.0,100.0,5,0.5477225575051661,1.0
328,LMC,78.0,80.0,81.0,5,0.5477225575051661,1.0
328,LW,73.0,75.0,76.0,5,0.5477225575051661,1.0
328,MKT,94.0,97.0,100.0,5,1.140175425099138,3.0
328,SB,82.0,85.0,88.0,5,0.4472135954999579,1.0
335,HG,89.0,92.0,95.0,5,0.7071067811865476,2.0
335,HYW,98.0,102.0,106.0,5,1.0,2.0
335,LMC,97.0,99.0,102.0,5,0.4472135954999579,1.0
335,LW,92.0,94.0,96.0,5,0.4472135954999579,1.0
335,MKT,108.0,111.0,114.0,5,0.4472135954999579,1.0
335,SB,75.0,79.0,85.0,5,0.4472135954999579,1.0
350,HG,108.0,111.0,114.0,5,0.7071067811865476,2.0
350,HYW,108.0,111.0,113.0,5,0.5477225575051661,1.0
350,LMC,85.0,87.0,88.0,5,0.0,0.0
350,LW,80.0,82.0,83.0,5,0.0,0.0
350,MKT,101.0,104.0,108.0,5,0.5477225575051661,1.0
350,SB,96.0,99.0,103.0,5,0.5477225575051661,1.0
351,HG,94.0,97.0,100.0,5,0.4472135954999579,1.0
351,HYW,100.0,103.0,106.0,5,0.4472135954999579,1.0
351,LMC,91.0,93.0,94.0,5,0.0,0.0
351,LW,86.0,88.0,89.0,5,0.0,0.0
351,MKT,92.0,95.0,98.0,5,0.4472135954999579,1.0
351,SB,94.0,96.0,99.0,5,0.5477225575051661,1.0
423S,HG,62.0,69.0,73.0,5,1.0954451150103321,3.0
423S,HYW,68.0,69.0,72.0,5,0.5477225575051661,1.0
423S,LMC,61.0,63.0,64.0,5,0.0,0.0
423S,LW,56.0,58.0,59.0,5,0.0,0.0
423S,MKT,59.0,60.0,63.0,5,0.4472135954999579,1.0
423S,SB,39.0,42.0,45.0,5,0.4472135954999579,1.0
424,HG,59.0,67.0,70.0,5,0.4472135954999579,1.0
424,HYW,67.0,69.0,71.0,5,0.0,0.0
424,LMC,61.0,62.0,63.0,5,0.0,0.0
424,LW,56.0,57.0,58.0,5,0.0,0.0
424,MKT,58.0,60.0,62.0,5,0.4472135954999579,1.0
424,SB,32.0,34.0,37.0,5,0.4472135954999579,1.0
426,HG,76.0,82.0,87.0,5,0.8366600265340756,2.0
426,HYW,83.0,86.0,88.0,5,0.5477225575051661,1.0
426,LMC,78.0,80.0,82.0,5,0.0,0.0
426,LW,73.0,75.0,77.0,5,0.0,0.0
426,MKT,75.0,77.0,80.0,5,0.8366600265340756,2.0
426,SB,48.0,50.0,53.0,5,0.5477225575051661,1.0
442,HG,78.0,82.0,86.0,5,0.7071067811865476,2.0
442,HYW,86.0,91.0,96.0,5,1.0954451150103321,3.0
442,LMC,93.0,98.0,104.0,5,0.5477225575051661,1.0
442,LW,88.0,93.0,98.0,5,0.4472135954999579,1.0
442,MKT,93.0,97.0,102.0,5,0.4472135954999579,1.0
442,SB,59.0,63.0,67.0,5,0.4472135954999579,1.0
510,HG,55.0,59.0,63.0,5,0.8944271909999159,2.0
510,HYW,68.0,72.0,76.0,5,0.8366600265340756,2.0
510,LMC,66.0,69.0,72.0,5,0.8366600265340756,2.0
510,LW,61.0,64.0,67.0,5,0.8366600265340756,2.0
510,MKT,67.0,70.0,72.0,5,0.5477225575051661,1.0
510,SB,36.0,39.0,42.0,5,0.4472135954999579,1.0
511,HG,74.0,77.0,81.0,5,0.4472135954999579,1.0
511,HYW,84.0,89.0,93.0,5,0.4472135954999579,1.0
511,LMC,87.0,90.0,94.0,5,0.8944271909999159,2.0
511,LW,82.0,85.0,89.0,5,0.8944271909999159,2.0
511,MKT,87.0,91.0,94.0,5,0.8366600265340756,2.0
511,SB,44.0,47.0,51.0,5,0.4472135954999579,1.0
512,HG,66.0,69.0,73.0,5,0.4472135954999579,1.0
512,HYW,75.0,79.0,83.0,5,0.8366600265340756,2.0
512,LMC,77.0,80.0,83.0,5,0.4472135954999579,1.0
512,LW,72.0,75.0,78.0,5,0.4472135954999579,1.0
512,MKT,77.0,79.0,82.0,5,0.5477225575051661,1.0
512,SB,48.0,51.0,54.0,5,0.4472135954999579,1.0
514,HG,73.0,76.0,80.0,5,0.5477225575051661,1.0
514,HYW,82.0,86.0,91.0,5,0.5477225575051661,1.0
514,LMC,88.0,91.0,96.0,5,0.5477225575051661,1.0
514,LW,83.0,86.0,91.0,5,0.5477225575051661,1.0
514,MKT,89.0,92.0,95.0,5,0.5477225575051661,1.0
514,SB,56.0,60.0,65.0,5,0.5477225575051661,1.0
515,HG,61.0,63.0,66.0,5,0.4472135954999579,1.0
515,HYW,69.0,74.0,79.0,5,0.7071067811865476,2.0
515,LMC,72.0,75.0,77.0,5,0.5477225575051661,1.0
515,LW,67.0,70.0,72.0,5,0.5477225575051661,1.0
515,MKT,73.0,75.0,77.0,5,0.4472135954999579,1.0
515,SB,43.0,46.0,49.0,5,0.4472135954999579,1.0
517,HG,64.0,67.0,69.0,5,0.5477225575051661,1.0
517,HYW,73.0,77.0,81.0,5,0.7071067811865476,2.0
517,LMC,71.0,73.0,76.0,5,0.4472135954999579,1.0
517,LW,66.0,68.0,71.0,5,0.4472135954999579,1.0
517,MKT,72.0,74.0,76.0,5,0.5477225575051661,1.0
517,SB,54.0,57.0,59.0,5,0.4472135954999579,1.0
518,HG,58.0,61.0,64.0,5,0.5477225575051661,1.0
518,HYW,67.0,71.0,77.0,5,0.8944271909999159,2.0
518,LMC,75.0,79.0,83.0,5,0.7071067811865476,2.0
518,LW,70.0,74.0,78.0,5,0.7071067811865476,2.0
518,MKT,75.0,78.0,82.0,5,0.8366600265340756,2.0
518,SB,60.0,64.0,68.0,5,0.4472135954999579,1.0
519,HG,61.0,64.0,67.0,5,0.5477225575051661,1.0
519,HYW,69.0,73.0,79.0,5,1.3038404810405297,3.0
519,LMC,77.0,81.0,84.0,5,0.5477225575051661,1.0
519,LW,72.0,76.0,79.0,5,0.5477225575051661,1.0
519,MKT,77.0,80.0,84.0,5,0.4472135954999579,1.0
519,SB,56.0,59.0,63.0,5,0.5477225575051661,1.0
521,HG,59.0,61.0,65.0,5,0.4472135954999579,1.0
521,HYW,69.0,74.0,78.0,5,0.7071067811865476,2.0
521,LMC,72.0,76.0,79.0,5,0.4472135954999579,1.0
521,LW,67.0,71.0,74.0,5,0.4472135954999579,1.0
521,MKT,71.0,74.0,78.0,5,0.8366600265340756,2.0
521,SB,66.0,69.0,73.0,5,0.5477225575051661,1.0
522,HG,79.0,83.0,87.0,5,0.5477225575051661,1.0
522,HYW,87.0,92.0,96.0,5,0.8944271909999159,2.0
522,LMC,96.0,100.0,105.0,5,0.5477225575051661,1.0
522,LW,91.0,95.0,99.0,5,0.5477225575051661,1.0
522,MKT,96.0,99.0,103.0,5,0.5477225575051661,1.0
522,SB,79.0,83.0,88.0,5,0.5477225575051661,1.0
523,HG,70.0,78.0,86.0,5,1.224744871391589,3.0
523,HYW,79.0,87.0,94.0,5,1.6733200530681511,4.0
523,LMC,91.0,99.0,107.0,5,2.387467277262665,6.0
523,LW,86.0,94.0,102.0,5,1.9493588689617927,5.0
523,MKT,90.0,98.0,105.0,5,1.816590212458495,4.0
523,SB,74.0,83.0,90.0,5,1.3416407864998738,3.0
524,HG,41.0,43.0,46.0,5,0.4472135954999579,1.0
524,HYW,55.0,62.0,66.0,5,0.8366600265340756,2.0
524,LMC,55.0,57.0,60.0,5,0.4472135954999579,1.0
524,LW,50.0,52.0,55.0,5,0.4472135954999579,1.0
524,MKT,55.0,58.0,61.0,5,0.0,0.0
524,SB,45.0,49.0,52.0,5,0.4472135954999579,1.0
525,HG,54.0,57.0,61.0,5,0.5477225575051661,1.0
525,HYW,67.0,71.0,77.0,5,0.5477225575051661,1.0
525,LMC,70.0,74.0,78.0,5,0.4472135954999579,1.0
525,LW,65.0,69.0,73.0,5,0.4472135954999579,1.0
525,MKT,71.0,74.0,78.0,5,0.5477225575051661,1.0
525,SB,64.0,67.0,71.0,5,0.4472135954999579,1.0
526,HG,59.0,62.0,66.0,5,0.4472135954999579,1.0
526,HYW,70.0,75.0,79.0,5,0.5477225575051661,1.0
526,LMC,78.0,81.0,84.0,5,0.5477225575051661,1.0
526,LW,73.0,76.0,79.0,5,0.5477225575051661,1.0
526,MKT,77.0,80.0,83.0,5,0.8366600265340756,2.0
526,SB,67.0,70.0,74.0,5,0.5477225575051661,1.0
527,HG,46.0,48.0,51.0,5,0.4472135954999579,1.0
527,HYW,60.0,65.0,70.0,5,0.8366600265340756,2.0
527,LMC,61.0,64.0,68.0,5,0.5477225575051661,1.0
527,LW,56.0,59.0,63.0,5,0.5477225575051661,1.0
527,MKT,62.0,65.0,68.0,5,0.8366600265340756,2.0
527,SB,43.0,47.0,50.0,5,0.8944271909999159,2.0
528,HG,66.0,70.0,75.0,5,0.7071067811865476,2.0
528,HYW,74.0,79.0,85.0,5,0.8366600265340756,2.0
528,LMC,84.0,89.0,94.0,5,0.8366600265340756,2.0
528,LW,79.0,84.0,89.0,5,0.8366600265340756,2.0
528,MKT,84.0,89.0,93.0,5,0.5477225575051661,1.0
528,SB,63.0,67.0,72.0,5,0.4472135954999579,1.0
529,HG,50.0,54.0,57.0,5,0.0,0.0
529,HYW,62.0,67.0,73.0,5,1.3416407864998738,3.0
529,LMC,65.0,68.0,72.0,5,0.8944271909999159,2.0
529,LW,60.0,63.0,67.0,5,0.8944271909999159,2.0
529,MKT,65.0,69.0,72.0,5,0.8366600265340756,2.0
529,SB,54.0,58.0,61.0,5,0.5477225575051661,1.0
531,HG,77.0,81.0,85.0,5,0.0,0.0
531,HYW,85.0,89.0,92.0,5,0.5477225575051661,1.0
531,LMC,79.0,83.0,89.0,5,0.8366600265340756,2.0
531,LW,74.0,78.0,84.0,5,0.8366600265340756,2.0
531,MKT,79.0,84.0,88.0,5,0.8366600265340756,2.0
531,SB,82.0,86.0,90.0,5,0.7071067811865476,2.0
532,HG,76.0,81.0,85.0,5,1.0,2.0
532,HYW,70.0,75.0,80.0,5,0.4472135954999579,1.0
532,LMC,64.0,68.0,73.0,5,0.5477225575051661,1.0
532,LW,59.0,63.0,68.0,5,0.5477225575051661,1.0
532,MKT,61.0,65.0,70.0,5,0.5477225575051661,1.0
532,SB,87.0,93.0,99.0,5,0.7071067811865476,2.0
533,HG,76.0,79.0,83.0,5,0.5477225575051661,1.0
533,HYW,87.0,90.0,94.0,5,0.7071067811865476,2.0
533,LMC,85.0,88.0,91.0,5,0.0,0.0
533,LW,80.0,83.0,86.0,5,0.0,0.0
533,MKT,93.0,97.0,100.0,5,0.5477225575051661,1.0
533,SB,82.0,86.0,90.0,5,0.4472135954999579,1.0
541,HG,52.0,55.0,59.0,5,0.4472135954999579,1.0
541,HYW,71.0,76.0,81.0,5,0.5477225575051661,1.0
541,LMC,62.0,68.0,75.0,5,1.6733200530681511,4.0
541,LW,57.0,63.0,70.0,5,1.6733200530681511,4.0
541,MKT,62.0,70.0,76.0,5,1.140175425099138,3.0
541,SB,74.0,78.0,81.0,5,0.8366600265340756,2.0
543S,HG,35.0,41.0,46.0,5,1.4142135623730951,3.0
543S,HYW,72.0,78.0,83.0,5,1.3038404810405297,3.0
543S,LMC,62.0,67.0,73.0,5,0.8366600265340756,2.0
543S,LW,57.0,62.0,68.0,5,0.8366600265340756,2.0
543S,MKT,63.0,69.0,74.0,5,1.3038404810405297,3.0
543S,SB,76.0,81.0,87.0,5,1.224744871391589,3.0
544,HG,56.0,60.0,65.0,5,0.8944271909999159,2.0
544,HYW,70.0,78.0,83.0,5,0.8944271909999159,2.0
544,LMC,59.0,67.0,75.0,5,0.4472135954999579,1.0
544,LW,54.0,62.0,70.0,5,0.4472135954999579,1.0
544,MKT,61.0,68.0,76.0,5,0.8366600265340756,2.0
544,SB,79.0,83.0,87.0,5,0.8366600265340756,2.0
545,HG,58.0,63.0,69.0,5,0.8366600265340756,2.0
545,HYW,52.0,55.0,57.0,5,0.5477225575051661,1.0
545,LMC,45.0,47.0,48.0,5,0.0,0.0
545,LW,40.0,42.0,43.0,5,0.0,0.0
545,MKT,43.0,45.0,48.0,5,0.4472135954999579,1.0
545,SB,94.0,97.0,100.0,5,0.5477225575051661,1.0
547,HG,54.0,60.0,65.0,5,0.8366600265340756,2.0
547,HYW,46.0,49.0,53.0,5,0.7071067811865476,2.0
547,LMC,37.0,41.0,44.0,5,0.0,0.0
547,LW,32.0,36.0,39.0,5,0.0,0.0
547,MKT,36.0,39.0,43.0,5,0.5477225575051661,1.0
547,SB,87.0,91.0,95.0,5,0.7071067811865476,2.0
548S,HG,60.0,67.0,75.0,5,2.1213203435596424,5.0
548S,HYW,52.0,57.0,64.0,5,1.224744871391589,3.0
548S,LMC,44.0,49.0,57.0,5,1.4832396974191324,4.0
548S,LW,39.0,44.0,52.0,5,1.4832396974191324,4.0
548S,MKT,43.0,47.0,55.0,5,1.224744871391589,3.0
548S,SB,94.0,99.0,107.0,5,1.0954451150103321,3.0
610S,HG,58.0,64.0,70.0,5,0.8366600265340756,2.0
610S,HYW,50.0,53.0,56.0,5,0.4472135954999579,1.0
610S,LMC,43.0,45.0,48.0,5,0.4472135954999579,1.0
610S,LW,38.0,40.0,43.0,5,0.4472135954999579,1.0
610S,MKT,41.0,44.0,46.0,5,0.4472135954999579,1.0
610S,SB,92.0,95.0,98.0,5,0.4472135954999579,1.0
620S,HG,70.0,77.0,84.0,5,0.8366600265340756,2.0
620S,HYW,38.0,45.0,51.0,5,1.3416407864998738,3.0
620S,LMC,49.0,52.0,58.0,5,0.8944271909999159,2.0
620S,LW,21.0,21.0,21.0,5,0.0,0.0
620S,MKT,23.0,29.0,36.0,5,1.51657508881031,3.0
620S,SB,100.0,108.0,114.0,5,1.6431676725154982,4.0
623,HG,57.0,62.0,67.0,5,0.8366600265340756,2.0
623,HYW,52.0,54.0,56.0,5,0.4472135954999579,1.0
623,LMC,44.0,46.0,48.0,5,0.4472135954999579,1.0
623,LW,39.0,41.0,43.0,5,0.4472135954999579,1.0
623,MKT,42.0,44.0,47.0,5,0.4472135954999579,1.0
623,SB,93.0,96.0,99.0,5,0.0,0.0
624S,HG,48.0,53.0,57.0,5,0.0,0.0
624S,HYW,38.0,40.0,43.0,5,0.5477225575051661,1.0
624S,LMC,30.0,32.0,33.0,5,0.0,0.0
624S,LW,25.0,27.0,28.0,5,0.0,0.0
624S,MKT,26.0,29.0,31.0,5,0.4472135954999579,1.0
624S,SB,81.0,83.0,86.0,5,0.0,0.0
625,HG,47.0,51.0,57.0,5,0.5477225575051661,1.0
625,HYW,36.0,38.0,39.0,5,0.0,0.0
625,LMC,28.0,29.0,31.0,5,0.0,0.0
625,LW,23.0,24.0,26.0,5,0.0,0.0
625,MKT,27.0,29.0,31.0,5,0.4472135954999579,1.0
625,SB,78.0,81.0,83.0,5,0.5477225575051661,1.0
626,HG,38.0,43.0,48.0,5,0.5477225575051661,1.0
626,HYW,33.0,35.0,38.0,5,0.5477225575051661,1.0
626,LMC,26.0,27.0,28.0,5,0.0,0.0
626,LW,21.0,22.0,23.0,5,0.0,0.0
626,MKT,24.0,26.0,28.0,5,0.4472135954999579,1.0
626,SB,75.0,78.0,80.0,5,0.5477225575051661,1.0
627,HG,39.0,44.0,49.0,5,0.5477225575051661,1.0
627,HYW,35.0,37.0,39.0,5,0.4472135954999579,1.0
627,LMC,24.0,25.0,26.0,5,0.0,0.0
627,LW,19.0,20.0,21.0,5,0.0,0.0
627,MKT,25.0,27.0,29.0,5,0.0,0.0
627,SB,76.0,78.0,81.0,5,0.4472135954999579,1.0
628,HG,44.0,49.0,54.0,5,0.4472135954999579,1.0
628,HYW,35.0,37.0,40.0,5,0.8366600265340756,2.0
628,LMC,25.0,27.0,28.0,5,0.4472135954999579,1.0
628,LW,20.0,22.0,23.0,5,0.4472135954999579,1.0
628,MKT,28.0,30.0,32.0,5,0.0,0.0
628,SB,79.0,82.0,85.0,5,0.0,0.0
631S,HYW,71.0,75.0,78.0,5,0.8366600265340756,2.0
631S,LMC,61.0,63.0,66.0,5,0.4472135954999579,1.0
631S,LW,56.0,58.0,61.0,5,0.4472135954999579,1.0
631S,MKT,67.0,69.0,72.0,5,1.0,2.0
634,HG,66.0,71.0,76.0,5,0.7071067811865476,2.0
634,HYW,57.0,59.0,62.0,5,0.4472135954999579,1.0
634,LMC,47.0,49.0,51.0,5,0.0,0.0
634,LW,42.0,44.0,46.0,5,0.0,0.0
634,MKT,48.0,50.0,52.0,5,0.4472135954999579,1.0
634,SB,100.0,103.0,105.0,5,0.5477225575051661,1.0
711S,HYW,97.0,109.0,119.0,5,2.1213203435596424,5.0
711S,LMC,89.0,104.0,117.0,5,3.3466401061363023,8.0
711S,LW,84.0,98.0,114.0,5,3.8470768123342687,9.0
711S,MKT,95.0,109.0,,5,2.701851217221259,7.0
720,HYW,75.0,89.0,,3,7.234178138070235,13.0
720,LMC,66.0,79.0,,3,2.8867513459481287,5.0
720,LW,61.0,74.0,,3,2.8867513459481287,5.0
720,MKT,91.0,106.0,,3,7.211102550927978,14.0
722S,HYW,51.0,56.0,60.0,5,0.8366600265340756,2.0
722S,LMC,44.0,46.0,47.0,5,0.5477225575051661,1.0
722S,LW,39.0,41.0,42.0,5,0.5477225575051661,1.0
722S,MKT,51.0,53.0,55.0,5,0.4472135954999579,1.0
723,HG,62.0,67.0,72.0,5,0.8366600265340756,2.0
723,HYW,40.0,46.0,50.0,5,0.8944271909999159,2.0
723,LMC,36.0,38.0,39.0,5,0.4472135954999579,1.0
723,LW,31.0,33.0,34.0,5,0.4472135954999579,1.0
723,MKT,43.0,45.0,47.0,5,0.5477225575051661,1.0
723,SB,97.0,99.0,101.0,5,0.4472135954999579,1.0
725,HYW,49.0,53.0,56.0,5,0.0,0.0
725,LMC,40.0,41.0,42.0,5,0.0,0.0
725,LW,35.0,36.0,37.0,5,0.0,0.0
725,MKT,46.0,48.0,50.0,5,0.0,0.0
726,HG,58.0,62.0,67.0,5,0.4472135954999579,1.0
726,HYW,40.0,45.0,49.0,5,0.5477225575051661,1.0
726,LMC,33.0,34.0,36.0,5,0.4472135954999579,1.0
726,LW,28.0,29.0,31.0,5,0.4472135954999579,1.0
726,MKT,39.0,41.0,43.0,5,0.0,0.0
726,SB,91.0,94.0,96.0,5,0.5477225575051661,1.0
729,HYW,53.0,58.0,62.0,5,0.5477225575051661,1.0
729,LMC,47.0,48.0,50.0,5,0.4472135954999579,1.0
729,LW,42.0,43.0,45.0,5,0.4472135954999579,1.0
729,MKT,53.0,55.0,58.0,5,0.0,0.0
729,SB,110.0,114.0,118.0,5,0.8944271909999159,2.0
732S,HYW,81.0,82.0,84.0,5,0.4472135954999579,1.0
732S,LMC,65.0,67.0,69.0,5,0.0,0.0
732S,LW,60.0,62.0,64.0,5,0.0,0.0
732S,MKT,72.0,73.0,75.0,5,0.0,0.0
732S,SB,110.0,114.0,118.0,5,0.4472135954999579,1.0
755,HG,94.0,98.0,102.0,5,0.8366600265340756,2.0
755,HYW,63.0,66.0,68.0,5,0.5477225575051661,1.0
755,LMC,48.0,50.0,52.0,5,0.4472135954999579,1.0
755,LW,43.0,45.0,47.0,5,0.4472135954999579,1.0
755,MKT,54.0,57.0,59.0,5,0.4472135954999579,1.0
755,SB,90.0,93.0,97.0,5,0.7071067811865476,2.0
756S,HG,98.0,102.0,108.0,5,1.140175425099138,3.0
756S,HYW,73.0,77.0,79.0,5,0.5477225575051661,1.0
756S,LMC,63.0,65.0,66.0,5,0.4472135954999579,1.0
756S,LW,58.0,60.0,61.0,5,0.4472135954999579,1.0
756S,MKT,69.0,71.0,73.0,5,0.4472135954999579,1.0
756S,SB,107.0,111.0,115.0,5,0.4472135954999579,1.0
757,HYW,88.0,90.0,92.0,5,0.0,0.0
757,LMC,75.0,76.0,77.0,5,0.0,0.0
757,LW,70.0,71.0,72.0,5,0.0,0.0
757,MKT,81.0,82.0,83.0,5,0.0,0.0
758,HG,74.0,79.0,83.0,5,0.0,0.0
758,HYW,66.0,67.0,69.0,5,0.0,0.0
758,LMC,51.0,52.0,53.0,5,0.0,0.0
758,LW,46.0,47.0,48.0,5,0.0,0.0
758,MKT,58.0,59.0,60.0,5,0.0,0.0
758,SB,87.0,91.0,95.0,5,0.7071067811865476,2.0
759,HG,102.0,105.0,108.0,5,0.4472135954999579,1.0
759,HYW,70.0,72.0,75.0,5,0.5477225575051661,1.0
759,LMC,56.0,57.0,59.0,5,0.0,0.0
759,LW,51.0,52.0,54.0,5,0.0,0.0
759,MKT,64.0,65.0,67.0,5,0.5477225575051661,1.0
759,SB,100.0,103.0,106.0,5,0.4472135954999579,1.0
820,HYW,115.0,118.0,,3,0.5773502691896257,1.0
820,LMC,105.0,110.0,114.0,5,0.7071067811865476,2.0
820,LW,99.0,104.0,107.0,5,0.5477225575051661,1.0
822,HYW,96.0,100.0,105.0,5,1.0954451150103321,3.0
822,LMC,80.0,84.0,89.0,5,0.4472135954999579,1.0
822,LW,75.0,79.0,84.0,5,0.4472135954999579,1.0
822,MKT,92.0,97.0,103.0,5,0.8944271909999159,2.0
825,HYW,110.0,115.0,118.0,5,0.5477225575051661,1.0
825,LMC,99.0,103.0,106.0,5,0.5477225575051661,1.0
825,LW,94.0,97.0,101.0,5,0.5477225575051661,1.0
826S,HYW,99.0,103.0,107.0,5,0.4472135954999579,1.0
826S,LMC,83.0,86.0,89.0,5,0.4472135954999579,1.0
826S,LW,78.0,81.0,84.0,5,0.4472135954999579,1.0
826S,MKT,96.0,101.0,106.0,5,0.7071067811865476,2.0
827,HYW,111.0,115.0,118.0,5,0.4472135954999579,1.0
827,LMC,99.0,102.0,107.0,5,1.3416407864998738,3.0
827,LW,94.0,97.0,101.0,5,0.8366600265340756,2.0
831,HG,113.0,118.0,,5,0.4472135954999579,1.0
831,HYW,104.0,107.0,110.0,5,0.4472135954999579,1.0
831,LMC,90.0,91.0,93.0,5,0.5477225575051661,1.0
831,LW,85.0,86.0,88.0,5,0.5477225575051661,1.0
831,MKT,103.0,105.0,107.0,5,0.5477225575051661,1.0
835,LMC,101.0,106.0,112.0,5,1.0,2.0
835,LW,95.0,101.0,106.0,5,0.5477225575051661,1.0
836,HG,98.0,103.0,110.0,5,1.0954451150103321,2.0
836,HYW,98.0,100.0,102.0,5,0.4472135954999579,1.0
836,LMC,83.0,84.0,86.0,5,0.4472135954999579,1.0
836,LW,78.0,79.0,81.0,5,0.4472135954999579,1.0
836,MKT,89.0,91.0,93.0,5,0.0,0.0
836,SB,112.0,114.0,116.0,5,0.5477225575051661,1.0
837,HG,101.0,108.0,115.0,5,0.5477225575051661,1.0
837,HYW,104.0,107.0,110.0,5,0.5477225575051661,1.0
837,LMC,88.0,89.0,91.0,5,0.5477225575051661,1.0
837,LW,83.0,84.0,86.0,5,0.5477225575051661,1.0
837,MKT,113.0,117.0,119.0,5,0.5477225575051661,1.0
838,HG,106.0,111.0,116.0,5,0.8366600265340756,2.0
838,HYW,103.0,104.0,105.0,5,0.4472135954999579,1.0
838,LMC,80.0,81.0,82.0,5,0.0,0.0
838,LW,75.0,76.0,77.0,5,0.0,0.0
838,MKT,94.0,96.0,97.0,5,0.0,0.0
839,HG,112.0,116.0,119.0,5,1.0954451150103321,3.0
839,HYW,111.0,114.0,116.0,5,0.4472135954999579,1.0
839,LMC,92.0,95.0,100.0,5,1.140175425099138,3.0
839,LW,87.0,90.0,94.0,5,1.140175425099138,3.0
839,MKT,107.0,109.0,112.0,5,0.0,0.0
950S,HG,108.0,114.0,119.0,5,1.0954451150103321,2.0
950S,HYW,114.0,117.0,119.0,5,0.0,0.0
950S,LMC,112.0,116.0,,5,0.4472135954999579,1.0
950S,LW,106.0,109.0,113.0,5,0.7071067811865476,2.0
950S,MKT,109.0,113.0,116.0,5,0.5477225575051661,1.0
950S,SB,84.0,87.0,90.0,5,0.7071067811865476,2.0
975,HG,87.0,92.0,96.0,5,0.5477225575051661,1.0
975,HYW,100.0,105.0,110.0,5,0.0,0.0
975,LMC,92.0,94.0,96.0,5,0.4472135954999579,1.0
975,LW,87.0,89.0,91.0,5,0.4472135954999579,1.0
975,MKT,109.0,112.0,115.0,5,0.8366600265340756,2.0
975,SB,90.0,94.0,99.0,5,0.5477225575051661,1.0
